"业务日期","销售时间","销售类型","门店名称","流水编号","订单原价","订单实收","订单商品序号","商品名称","商品分类","原价","购买量","销售金额","抹分金额","折扣金额","用户属性识别","语音转文字","销售场景-话术分析"
"2024-09-08",2024-09-08 17:04:06.000,綫下,"80024042-苏州翰林店(营业中,紫燕百味鸡)",SA240420124090817033801,173.53,173.53,1,五香牛腱肉,散装食品,233,0.626,145.85,0,0,Male 30-50,要什么？拿两个牛肉。这块怎么样？可以。那我这里给你切两盒咯。145.8。帮我切两份吧。好，给你配两盒吗？还吃点什么吗？这个鸭架。还要別的没？一共173.5块。,产品需求提示：顾客询问了牛肉并购买了两份，表明牛肉产品可能受欢迎，需要确保库存充足。没有明确表述需要新进某种产品。产品品质反馈：顾客询问“这块怎么样？”虽然没有明确的反馈说明品质好坏，但可以推测顾客对产品品质有一定关注，可能值得进一步跟进。促销活动效果：对话中没有涉及促销活动，因此无法判断活动的有效性。话术对销售影响：店员积极回应顾客需求，提供了配两盒的建议，显示了店员的话术在帮助增加销售额方面的有效性，尤其是鼓励顾客多买。话术提炼与场景：店员的服务话术可以进一步优化，例如通过更主动的推荐其他产品或促销来提升销售。可以提炼出一些场景话术，比如"今天的牛肉特别新鲜，您要多拿几盒吗？"等。
"2024-09-08",2024-09-08 17:04:06.000,綫下,"80024042-苏州翰林店(营业中,紫燕百味鸡)",SA240420124090817033801,173.53,173.53,2,孜然锁骨,散装食品,87.6,0.316,27.68,0,0,Male 30-50,要什么？拿两个牛肉。这块怎么样？可以。那我这里给你切两盒咯。145.8。帮我切两份吧。好，给你配两盒吗？还吃点什么吗？这个鸭架。还要別的没？一共173.5块。,产品需求提示：顾客询问了牛肉并购买了两份，表明牛肉产品可能受欢迎，需要确保库存充足。没有明确表述需要新进某种产品。产品品质反馈：顾客询问“这块怎么样？”虽然没有明确的反馈说明品质好坏，但可以推测顾客对产品品质有一定关注，可能值得进一步跟进。促销活动效果：对话中没有涉及促销活动，因此无法判断活动的有效性。话术对销售影响：店员积极回应顾客需求，提供了配两盒的建议，显示了店员的话术在帮助增加销售额方面的有效性，尤其是鼓励顾客多买。话术提炼与场景：店员的服务话术可以进一步优化，例如通过更主动的推荐其他产品或促销来提升销售。可以提炼出一些场景话术，比如"今天的牛肉特别新鲜，您要多拿几盒吗？"等。
"2024-09-08",2024-09-08 16:22:48.000,綫下,"80024042-苏州翰林店(营业中,紫燕百味鸡)",SA240420124090816223116,126.22,126.22,1,五香牛腱肉,散装食品,233,0.304,70.83,0,0,Female 30-50,今天的都有一点点，瀛佳香的就只有这块，这块比较完整。就这块吧。这个要切吗姐姐。这要的。再来一只鸡。还要别的吗姐。126。,产品需求提示：提到“瀛佳香的就只有这块”，说明该产品库存可能较少。此提示意味着可能需要对瀛佳香产品进行补货，避免缺货情况。产品品质反馈：顾客选择“比较完整”的一块产品，这可能意味着顾客对产品的外观或质量有所要求。虽然没有明确提到品质问题，但顾客的选择表明完整性在他们的购买决策中是一个考虑因素，需确保产品保持良好状态。促销活动效果：对话中没有涉及促销活动，因此无法判断当前是否有促销活动，或促销活动的有效性。话术对销售的影响：店员在销售过程中询问顾客是否要切割、是否还需要其他商品，表明店员积极引导顾客购买。这种询问方式帮助确认顾客的需求，且额外销售了一只鸡，显示了店员话术在提升销售额方面的作用。话术提炼与场景：店员的服务态度积极且关心顾客需求，话术可进一步优化。例如，当提到“瀛佳香”库存不多时，店员可以主动推荐其他类似产品或附加促销信息，进一步推动销售。可提炼的话术场景如：“瀛佳香的这块比较完整，很受欢迎，您可以多买点备着。”“除了这块，今天的其他产品也很新鲜，您可以看看。”
"2024-09-08",2024-09-08 16:22:48.000,綫下,"80024042-苏州翰林店(营业中,紫燕百味鸡)",SA240420124090816223116,126.22,126.22,2,百味鸡,散装食品,75.6,0.652,49.29,0,0,Female 30-50,今天的都有一点点，瀛佳香的就只有这块，这块比较完整。就这块吧。这个要切吗姐姐。这要的。再来一只鸡。还要别的吗姐。126。,产品需求提示：提到“瀛佳香的就只有这块”，说明该产品库存可能较少。此提示意味着可能需要对瀛佳香产品进行补货，避免缺货情况。产品品质反馈：顾客选择“比较完整”的一块产品，这可能意味着顾客对产品的外观或质量有所要求。虽然没有明确提到品质问题，但顾客的选择表明完整性在他们的购买决策中是一个考虑因素，需确保产品保持良好状态。促销活动效果：对话中没有涉及促销活动，因此无法判断当前是否有促销活动，或促销活动的有效性。话术对销售的影响：店员在销售过程中询问顾客是否要切割、是否还需要其他商品，表明店员积极引导顾客购买。这种询问方式帮助确认顾客的需求，且额外销售了一只鸡，显示了店员话术在提升销售额方面的作用。话术提炼与场景：店员的服务态度积极且关心顾客需求，话术可进一步优化。例如，当提到“瀛佳香”库存不多时，店员可以主动推荐其他类似产品或附加促销信息，进一步推动销售。可提炼的话术场景如：“瀛佳香的这块比较完整，很受欢迎，您可以多买点备着。”“除了这块，今天的其他产品也很新鲜，您可以看看。”
"2024-09-08",2024-09-08 16:22:48.000,綫下,"80024042-苏州翰林店(营业中,紫燕百味鸡)",SA240420124090816223116,126.22,126.22,3,素菜,散装食品,43.6,0.14,6.1,0,0,Female 30-50,今天的都有一点点，瀛佳香的就只有这块，这块比较完整。就这块吧。这个要切吗姐姐。这要的。再来一只鸡。还要别的吗姐。126。,产品需求提示：提到“瀛佳香的就只有这块”，说明该产品库存可能较少。此提示意味着可能需要对瀛佳香产品进行补货，避免缺货情况。产品品质反馈：顾客选择“比较完整”的一块产品，这可能意味着顾客对产品的外观或质量有所要求。虽然没有明确提到品质问题，但顾客的选择表明完整性在他们的购买决策中是一个考虑因素，需确保产品保持良好状态。促销活动效果：对话中没有涉及促销活动，因此无法判断当前是否有促销活动，或促销活动的有效性。话术对销售的影响：店员在销售过程中询问顾客是否要切割、是否还需要其他商品，表明店员积极引导顾客购买。这种询问方式帮助确认顾客的需求，且额外销售了一只鸡，显示了店员话术在提升销售额方面的作用。话术提炼与场景：店员的服务态度积极且关心顾客需求，话术可进一步优化。例如，当提到“瀛佳香”库存不多时，店员可以主动推荐其他类似产品或附加促销信息，进一步推动销售。可提炼的话术场景如：“瀛佳香的这块比较完整，很受欢迎，您可以多买点备着。”“除了这块，今天的其他产品也很新鲜，您可以看看。”
"2024-09-08",2024-09-08 11:03:11.000,綫下,"80024042-苏州翰林店(营业中,紫燕百味鸡)",SA240420124090811025630,106.61,106.61,1,五香牛腱肉,散装食品,233,0.294,68.5,0,0,Male 30-50,要什么。牛肉。酱香的还是原味的？酱香。整一半？你要有筋的还是没筋的？呃要有筋的。68块5，够不够。这个是什么。锁骨。再来个这个吧。好嘞。再要个啥。这个鸡肉。好可以了。一共106.6块。支付宝还是？可以我扫你嘛。,产品需求提示：顾客明确表示对“有筋的酱香牛肉”和“锁骨”的需求，且购买了多种产品。没有提到特定产品库存短缺的情况，因此无法判断是否需要新进产品。产品品质反馈：顾客在选择牛肉时要求“有筋的”，表明顾客对产品的质地有特定偏好。这可能提示店员关注不同顾客对产品特性的需求，确保在库存中有足够多样化的产品以满足不同需求。促销活动效果：对话中没有提到任何促销活动，因此无法判断促销的有效性。话术对销售的影响：店员询问了顾客对牛肉的具体偏好（酱香还是原味，有筋还是没筋），这显示了店员积极通过询问引导顾客做出具体选择。此外，店员还通过“再要个啥”继续挖掘顾客的潜在需求，成功增加了锁骨和鸡肉的销售，表明话术在推动附加销售上起到了作用。话术提炼与场景：店员通过简单的问题引导顾客选择不同类型的牛肉和额外产品，显得服务周到且有效。可以进一步优化的建议是，在顾客询问“这个是什么”时，店员可以更详细介绍产品的特点、卖点或搭配推荐，以进一步提升顾客的购买欲望。可以提炼出的话术场景包括：“酱香牛肉今天很新鲜，有筋的特别受欢迎，您可以多买点。”“锁骨可以配点卤味更好吃，您要一起带点吗？”
"2024-09-08",2024-09-08 11:03:11.000,綫下,"80024042-苏州翰林店(营业中,紫燕百味鸡)",SA240420124090811025630,106.61,106.61,2,孜然锁骨,散装食品,87.6,0.206,18.04,0,0,Male 30-50,要什么。牛肉。酱香的还是原味的？酱香。整一半？你要有筋的还是没筋的？呃要有筋的。68块5，够不够。这个是什么。锁骨。再来个这个吧。好嘞。再要个啥。这个鸡肉。好可以了。一共106.6块。支付宝还是？可以我扫你嘛。,产品需求提示：顾客明确表示对“有筋的酱香牛肉”和“锁骨”的需求，且购买了多种产品。没有提到特定产品库存短缺的情况，因此无法判断是否需要新进产品。产品品质反馈：顾客在选择牛肉时要求“有筋的”，表明顾客对产品的质地有特定偏好。这可能提示店员关注不同顾客对产品特性的需求，确保在库存中有足够多样化的产品以满足不同需求。促销活动效果：对话中没有提到任何促销活动，因此无法判断促销的有效性。话术对销售的影响：店员询问了顾客对牛肉的具体偏好（酱香还是原味，有筋还是没筋），这显示了店员积极通过询问引导顾客做出具体选择。此外，店员还通过“再要个啥”继续挖掘顾客的潜在需求，成功增加了锁骨和鸡肉的销售，表明话术在推动附加销售上起到了作用。话术提炼与场景：店员通过简单的问题引导顾客选择不同类型的牛肉和额外产品，显得服务周到且有效。可以进一步优化的建议是，在顾客询问“这个是什么”时，店员可以更详细介绍产品的特点、卖点或搭配推荐，以进一步提升顾客的购买欲望。可以提炼出的话术场景包括：“酱香牛肉今天很新鲜，有筋的特别受欢迎，您可以多买点。”“锁骨可以配点卤味更好吃，您要一起带点吗？”
"2024-09-08",2024-09-08 12:04:00.000,綫下,"80024042-苏州翰林店(营业中,紫燕百味鸡)",SA240420124090812033930,87.35,87.35,1,百味鸡,散装食品,75.6,0.65,49.14,0,0,Male 30-50,
"2024-09-08",2024-09-08 12:04:00.000,綫下,"80024042-苏州翰林店(营业中,紫燕百味鸡)",SA240420124090812033930,87.35,87.35,2,素菜,散装食品,43.6,0.318,13.86,0,0,Male 30-50,
"2024-09-08",2024-09-08 12:04:00.000,綫下,"80024042-苏州翰林店(营业中,紫燕百味鸡)",SA240420124090812033930,87.35,87.35,3,五香猪头肉,散装食品,87.6,0.278,24.35,0,0,Male 30-50,
"2024-09-08",2024-09-08 15:30:46.000,綫下,"80024042-苏州翰林店(营业中,紫燕百味鸡)",SA240420124090815303901,84.43,84.43,1,夫妻肺片,散装食品,211.6,0.156,33,0,0,Male 30-50,
"2024-09-08",2024-09-08 15:30:46.000,綫下,"80024042-苏州翰林店(营业中,紫燕百味鸡)",SA240420124090815303901,84.43,84.43,2,五香牛腱肉,散装食品,233,0.168,39.14,0,0
"2024-09-08",2024-09-08 15:30:46.000,綫下,"80024042-苏州翰林店(营业中,紫燕百味鸡)",SA240420124090815303901,84.43,84.43,3,素菜,散装食品,43.6,0.282,12.29,0,0
"2024-09-08",2024-09-08 08:55:11.000,綫下,"80024042-苏州翰林店(营业中,紫燕百味鸡)",SA240420124090808550912,83.27,83.27,1,夫妻肺片,散装食品,211.6,0.236,49.93,0,0
"2024-09-08",2024-09-08 08:55:11.000,綫下,"80024042-苏州翰林店(营业中,紫燕百味鸡)",SA240420124090808550912,83.27,83.27,2,藤椒鸡,散装食品,91.6,0.364,33.34,0,0
"2024-09-08",2024-09-08 12:36:02.000,綫下,"80024042-苏州翰林店(营业中,紫燕百味鸡)",SA240420124090812355510,92.92,81.34,1,八戒香耳,散装食品,147.6,0.256,37.78,0,0
"2024-09-08",2024-09-08 12:36:02.000,綫下,"80024042-苏州翰林店(营业中,紫燕百味鸡)",SA240420124090812355510,92.92,81.34,2,双椒猪蹄,散装食品,143.6,0.384,43.56,0,11.58
"2024-09-08",2024-09-08 11:30:40.000,外賣,"80024042-苏州翰林店(营业中,紫燕百味鸡)",SA800240422409083861718,80.8,80.8,1,孜然锁骨(小份)(苏州),外卖套餐,17.5,1,17.5,0,0
"2024-09-08",2024-09-08 11:30:40.000,外賣,"80024042-苏州翰林店(营业中,紫燕百味鸡)",SA800240422409083861718,80.8,80.8,2,酸汤肥牛(小份)(苏州),外卖套餐,18.8,1,18.8,0,0
"2024-09-08",2024-09-08 11:30:40.000,外賣,"80024042-苏州翰林店(营业中,紫燕百味鸡)",SA800240422409083861718,80.8,80.8,3,酱香牛腱肉+夫妻肺片(苏州),外卖套餐,44.5,1,44.5,0,0
"2024-09-08",2024-09-08 11:07:28.000,綫下,"80024042-苏州翰林店(营业中,紫燕百味鸡)",SA240420124090811072203,79.93,79.93,1,百味鸡,散装食品,75.6,0.66,49.89,0,0
"2024-09-08",2024-09-08 11:07:28.000,綫下,"80024042-苏州翰林店(营业中,紫燕百味鸡)",SA240420124090811072203,79.93,79.93,2,夫妻肺片,散装食品,211.6,0.142,30.04,0,0
"2024-09-08",2024-09-08 10:59:16.000,綫下,"80024042-苏州翰林店(营业中,紫燕百味鸡)",SA240420124090810591429,78,78,1,百味鸡,散装食品,75.6,0.556,42.03,0,0
"2024-09-08",2024-09-08 10:59:16.000,綫下,"80024042-苏州翰林店(营业中,紫燕百味鸡)",SA240420124090810591429,78,78,2,夫妻肺片,散装食品,211.6,0.17,35.97,0,0
"2024-09-08",2024-09-08 10:26:23.000,外賣,"80024042-苏州翰林店(营业中,紫燕百味鸡)",SA800240422409083527560,77.6,77.6,1,夫妻肺片(大份)(苏州),外卖套餐,44.4,1,44.4,0,0
"2024-09-08",2024-09-08 10:26:23.000,外賣,"80024042-苏州翰林店(营业中,紫燕百味鸡)",SA800240422409083527560,77.6,77.6,2,五香鸭翅(小份)(苏州),外卖套餐,17.5,1,17.5,0,0
"2024-09-08",2024-09-08 10:26:23.000,外賣,"80024042-苏州翰林店(营业中,紫燕百味鸡)",SA800240422409083527560,77.6,77.6,3,红油笋丝(小份)(苏州),外卖套餐,8.7,1,8.7,0,0
"2024-09-08",2024-09-08 10:26:23.000,外賣,"80024042-苏州翰林店(营业中,紫燕百味鸡)",SA800240422409083527560,77.6,77.6,4,盒装米饭(苏州),外卖套餐,3.5,2,7,0,0
"2024-09-08",2024-09-08 10:51:15.000,綫下,"80024042-苏州翰林店(营业中,紫燕百味鸡)",SA240420124090810503823,76.49,76.49,1,夫妻肺片,散装食品,211.6,0.11,23.27,0,0
"2024-09-08",2024-09-08 10:51:15.000,綫下,"80024042-苏州翰林店(营业中,紫燕百味鸡)",SA240420124090810503823,76.49,76.49,2,百味鸡,散装食品,75.6,0.704,53.22,0,0
"2024-09-08",2024-09-08 11:57:55.000,綫下,"80024042-苏州翰林店(营业中,紫燕百味鸡)",SA240420124090811574726,76.47,76.47,1,素菜,散装食品,43.6,0.308,13.42,0,0
"2024-09-08",2024-09-08 11:57:55.000,綫下,"80024042-苏州翰林店(营业中,紫燕百味鸡)",SA240420124090811574726,76.47,76.47,2,百味鸡,散装食品,75.6,0.346,26.15,0,0
"2024-09-08",2024-09-08 11:57:55.000,綫下,"80024042-苏州翰林店(营业中,紫燕百味鸡)",SA240420124090811574726,76.47,76.47,3,八戒香耳,散装食品,147.6,0.25,36.9,0,0
"2024-09-08",2024-09-08 11:30:12.000,外賣,"80024042-苏州翰林店(营业中,紫燕百味鸡)",SA800240422409082057387,74.8,74.8,1,双椒猪蹄(小份)(苏州),外卖套餐,25.8,1,25.8,0,0
"2024-09-08",2024-09-08 11:30:12.000,外賣,"80024042-苏州翰林店(营业中,紫燕百味鸡)",SA800240422409082057387,74.8,74.8,2,夫妻肺片单人餐(苏州),外卖套餐,25.7,1,25.7,0,0
"2024-09-08",2024-09-08 11:30:12.000,外賣,"80024042-苏州翰林店(营业中,紫燕百味鸡)",SA800240422409082057387,74.8,74.8,3,酱香牛腱肉(小份)(苏州),外卖套餐,23.3,1,23.3,0,0
"2024-09-08",2024-09-08 10:01:05.000,綫下,"80024042-苏州翰林店(营业中,紫燕百味鸡)",SA240420124090810010003,71.29,71.29,1,五香牛腱肉,散装食品,233,0.306,71.29,0,0
"2024-09-08",2024-09-08 16:10:35.000,綫下,"80024042-苏州翰林店(营业中,紫燕百味鸡)",SA240420124090816103312,70.57,70.57,1,夫妻肺片,散装食品,211.6,0.182,38.51,0,0
"2024-09-08",2024-09-08 16:10:35.000,綫下,"80024042-苏州翰林店(营业中,紫燕百味鸡)",SA240420124090816103312,70.57,70.57,2,藤椒鸡,散装食品,91.6,0.35,32.06,0,0
"2024-09-08",2024-09-08 12:55:42.000,綫下,"80024042-苏州翰林店(营业中,紫燕百味鸡)",SA240420124090812554013,70.22,70.22,1,素菜,散装食品,43.6,0.184,8.02,0,0
"2024-09-08",2024-09-08 12:55:42.000,綫下,"80024042-苏州翰林店(营业中,紫燕百味鸡)",SA240420124090812554013,70.22,70.22,2,夫妻肺片,散装食品,211.6,0.198,41.89,0,0
"2024-09-08",2024-09-08 12:55:42.000,綫下,"80024042-苏州翰林店(营业中,紫燕百味鸡)",SA240420124090812554013,70.22,70.22,3,酸辣凤爪,散装食品,99.6,0.204,20.31,0,0
"2024-09-08",2024-09-08 16:23:48.000,綫下,"80024042-苏州翰林店(营业中,紫燕百味鸡)",SA240420124090816234617,70.14,70.14,1,百味鸡,散装食品,75.6,0.536,40.52,0,0
"2024-09-08",2024-09-08 16:23:48.000,綫下,"80024042-苏州翰林店(营业中,紫燕百味鸡)",SA240420124090816234617,70.14,70.14,2,夫妻肺片,散装食品,211.6,0.14,29.62,0,0
"2024-09-08",2024-09-08 21:02:00.000,外賣,"80024042-苏州翰林店(营业中,紫燕百味鸡)",SA800240422409088168758,70.1,70.1,1,八戒香耳(小份)(苏州),外卖套餐,22.1,1,22.1,0,0
"2024-09-08",2024-09-08 21:02:00.000,外賣,"80024042-苏州翰林店(营业中,紫燕百味鸡)",SA800240422409088168758,70.1,70.1,2,酱香牛腱肉+夫妻肺片(苏州),外卖套餐,44.5,1,44.5,0,0
"2024-09-08",2024-09-08 21:02:00.000,外賣,"80024042-苏州翰林店(营业中,紫燕百味鸡)",SA800240422409088168758,70.1,70.1,3,盒装米饭(苏州),外卖套餐,3.5,1,3.5,0,0
"2024-09-08",2024-09-08 17:07:23.000,綫下,"80024042-苏州翰林店(营业中,紫燕百味鸡)",SA240420124090817072103,65.35,65.35,1,藤椒鸡,散装食品,91.6,0.352,32.24,0,0
"2024-09-08",2024-09-08 17:07:23.000,綫下,"80024042-苏州翰林店(营业中,紫燕百味鸡)",SA240420124090817072103,65.35,65.35,2,酱香鸭,散装食品,75.6,0.438,33.11,0,0
"2024-09-08",2024-09-08 10:12:38.000,外賣,"80024042-苏州翰林店(营业中,紫燕百味鸡)",SA800240422409083313766,64.4,64.4,1,香酥鸭(小份)(苏州),外卖套餐,26.7,1,26.7,0,0
"2024-09-08",2024-09-08 10:12:38.000,外賣,"80024042-苏州翰林店(营业中,紫燕百味鸡)",SA800240422409083313766,64.4,64.4,2,素菜拼盘(小份)(苏州),外卖套餐,10.9,1,10.9,0,0
"2024-09-08",2024-09-08 10:12:38.000,外賣,"80024042-苏州翰林店(营业中,紫燕百味鸡)",SA800240422409083313766,64.4,64.4,3,盒装米饭(苏州),外卖套餐,3.5,1,3.5,0,0
"2024-09-08",2024-09-08 10:12:38.000,外賣,"80024042-苏州翰林店(营业中,紫燕百味鸡)",SA800240422409083313766,64.4,64.4,4,酱香牛腱肉(小份)(苏州),外卖套餐,23.3,1,23.3,0,0
"2024-09-08",2024-09-08 08:46:44.000,綫下,"80024042-苏州翰林店(营业中,紫燕百味鸡)",SA240420124090808422809,75.55,64.2,1,手撕鸡(五香味),散装食品,89.6,0.24,21.5,0,0
"2024-09-08",2024-09-08 08:46:44.000,綫下,"80024042-苏州翰林店(营业中,紫燕百味鸡)",SA240420124090808422809,75.55,64.2,2,飘香猪手,散装食品,119.6,0.452,42.7,0,11.35
"2024-09-08",2024-09-08 11:53:31.000,綫下,"80024042-苏州翰林店(营业中,紫燕百味鸡)",SA240420124090811532824,63.64,63.64,1,五香猪头肉,散装食品,87.6,0.326,28.55,0,0
"2024-09-08",2024-09-08 11:53:31.000,綫下,"80024042-苏州翰林店(营业中,紫燕百味鸡)",SA240420124090811532824,63.64,63.64,2,夫妻肺片,散装食品,211.6,0.116,24.54,0,0
"2024-09-08",2024-09-08 11:53:31.000,綫下,"80024042-苏州翰林店(营业中,紫燕百味鸡)",SA240420124090811532824,63.64,63.64,3,素菜,散装食品,43.6,0.242,10.55,0,0
"2024-09-08",2024-09-08 20:37:16.000,綫下,"80024042-苏州翰林店(营业中,紫燕百味鸡)",SA240420124090820371411,63.05,63.05,1,夫妻肺片,散装食品,211.6,0.298,63.05,0,0
"2024-09-08",2024-09-08 18:20:26.000,外賣,"80024042-苏州翰林店(营业中,紫燕百味鸡)",SA800240422409087604432,62.7,62.7,1,夫妻肺片(中份)(苏州),外卖套餐,36,1,36,0,0
"2024-09-08",2024-09-08 18:20:26.000,外賣,"80024042-苏州翰林店(营业中,紫燕百味鸡)",SA800240422409087604432,62.7,62.7,2,百味鸡(小份)(苏州),外卖套餐,22.7,1,22.7,0,0
"2024-09-08",2024-09-08 18:20:26.000,外賣,"80024042-苏州翰林店(营业中,紫燕百味鸡)",SA800240422409087604432,62.7,62.7,3,可口可乐(苏州),外卖套餐,4,1,4,0,0
"2024-09-08",2024-09-08 09:59:49.000,綫下,"80024042-苏州翰林店(营业中,紫燕百味鸡)",SA240420124090809594602,61.95,61.95,1,夫妻肺片,散装食品,211.6,0.162,34.27,0,0
"2024-09-08",2024-09-08 09:59:49.000,綫下,"80024042-苏州翰林店(营业中,紫燕百味鸡)",SA240420124090809594602,61.95,61.95,2,五香凤爪（短）,散装食品,99.6,0.278,27.68,0,0
"2024-09-08",2024-09-08 14:41:30.000,外賣,"80024042-苏州翰林店(营业中,紫燕百味鸡)",SA800240422409085867361,60.8,60.8,1,百味鸡双人餐(苏州),外卖套餐,60.8,1,60.8,0,0
"2024-09-08",2024-09-08 12:34:32.000,綫下,"80024042-苏州翰林店(营业中,紫燕百味鸡)",SA240420124090812342609,60.07,60.07,1,虎皮凤爪,散装食品,99.6,0.204,20.31,0,0
"2024-09-08",2024-09-08 12:34:32.000,綫下,"80024042-苏州翰林店(营业中,紫燕百味鸡)",SA240420124090812342609,60.07,60.07,2,百味鸡,散装食品,75.6,0.526,39.76,0,0
"2024-09-08",2024-09-08 11:15:07.000,外賣,"80024042-苏州翰林店(营业中,紫燕百味鸡)",SA800240422409086783532,59.5,59.5,1,百味鸡(中份)(苏州),外卖套餐,41.6,1,41.6,0,0
"2024-09-08",2024-09-08 11:15:07.000,外賣,"80024042-苏州翰林店(营业中,紫燕百味鸡)",SA800240422409086783532,59.5,59.5,2,盒装米饭(苏州),外卖套餐,3.5,2,7,0,0
"2024-09-08",2024-09-08 11:15:07.000,外賣,"80024042-苏州翰林店(营业中,紫燕百味鸡)",SA800240422409086783532,59.5,59.5,3,素菜拼盘(小份)(苏州),外卖套餐,10.9,1,10.9,0,0
"2024-09-08",2024-09-08 13:41:46.000,外賣,"80024042-苏州翰林店(营业中,紫燕百味鸡)",SA800240422409088622388,58.9,58.9,1,酱香牛腱肉+藤椒鸡+米饭(苏州),外卖套餐,58.9,1,58.9,0,0
"2024-09-08",2024-09-08 18:23:34.000,外賣,"80024042-苏州翰林店(营业中,紫燕百味鸡)",SA800240422409083361363,58.2,58.2,2,盒装米饭(苏州),外卖套餐,3.5,2,7,0,0
"2024-09-08",2024-09-08 18:23:34.000,外賣,"80024042-苏州翰林店(营业中,紫燕百味鸡)",SA800240422409083361363,58.2,58.2,3,夫妻肺片(牛头筋)(苏州),外卖套餐,8.5,1,8.5,0,0
"2024-09-08",2024-09-08 18:23:34.000,外賣,"80024042-苏州翰林店(营业中,紫燕百味鸡)",SA800240422409083361363,58.2,58.2,4,夫妻肺片(猪舌)(苏州),外卖套餐,8.5,1,8.5,0,0
"2024-09-08",2024-09-08 18:23:34.000,外賣,"80024042-苏州翰林店(营业中,紫燕百味鸡)",SA800240422409083361363,58.2,58.2,5,夫妻肺片(猪红肠)(苏州),外卖套餐,8.5,1,8.5,0,0
"2024-09-08",2024-09-08 18:23:34.000,外賣,"80024042-苏州翰林店(营业中,紫燕百味鸡)",SA800240422409083361363,58.2,58.2,6,夫妻肺片(鸭肫)(苏州),外卖套餐,8.5,2,17,0,0
"2024-09-08",2024-09-08 18:23:34.000,外賣,"80024042-苏州翰林店(营业中,紫燕百味鸡)",SA800240422409083361363,58.2,58.2,7,素三丁(小份)(苏州),外卖套餐,8.7,1,8.7,0,0
"2024-09-08",2024-09-08 17:32:42.000,外賣,"80024042-苏州翰林店(营业中,紫燕百味鸡)",SA800240422409084438096,58,58,1,五香牛肉(小份)(苏州),外卖套餐,23.3,1,23.3,0,0
"2024-09-08",2024-09-08 17:32:42.000,外賣,"80024042-苏州翰林店(营业中,紫燕百味鸡)",SA800240422409084438096,58,58,2,盒装米饭(苏州),外卖套餐,3.5,1,3.5,0,0
"2024-09-08",2024-09-08 17:32:42.000,外賣,"80024042-苏州翰林店(营业中,紫燕百味鸡)",SA800240422409084438096,58,58,3,夫妻肺片(小份)+魔芋素毛肚(苏州),外卖套餐,27.2,1,27.2,0,0
"2024-09-08",2024-09-08 17:32:42.000,外賣,"80024042-苏州翰林店(营业中,紫燕百味鸡)",SA800240422409084438096,58,58,4,可口可乐(苏州),外卖套餐,4,1,4,0,0
"2024-09-08",2024-09-08 09:35:19.000,綫下,"80024042-苏州翰林店(营业中,紫燕百味鸡)",SA240420124090809351723,57.55,57.55,1,夫妻肺片,散装食品,211.6,0.272,57.55,0,0
"2024-09-08",2024-09-08 11:44:20.000,綫下,"80024042-苏州翰林店(营业中,紫燕百味鸡)",SA240420124090811440619,57.27,57.27,1,虎皮凤爪,散装食品,99.6,0.312,31.07,0,0
"2024-09-08",2024-09-08 11:44:20.000,綫下,"80024042-苏州翰林店(营业中,紫燕百味鸡)",SA240420124090811440619,57.27,57.27,2,素菜,散装食品,43.6,0.28,12.2,0,0
"2024-09-08",2024-09-08 11:44:20.000,綫下,"80024042-苏州翰林店(营业中,紫燕百味鸡)",SA240420124090811440619,57.27,57.27,3,藤椒鸭头（个）,散装食品,7,2,14,0,0
"2024-09-08",2024-09-08 09:25:35.000,綫下,"80024042-苏州翰林店(营业中,紫燕百味鸡)",SA240420124090809252619,57.14,57.14,1,五香牛腱肉,散装食品,233,0.194,45.2,0,0
"2024-09-08",2024-09-08 09:25:35.000,綫下,"80024042-苏州翰林店(营业中,紫燕百味鸡)",SA240420124090809252619,57.14,57.14,2,素菜,散装食品,43.6,0.274,11.94,0,0
"2024-09-08",2024-09-08 13:28:49.000,外賣,"80024042-苏州翰林店(营业中,紫燕百味鸡)",SA800240422409086206194,56.3,56.3,1,百味鸡单人餐(苏州),外卖套餐,30.6,1,30.6,0,0
"2024-09-08",2024-09-08 13:28:49.000,外賣,"80024042-苏州翰林店(营业中,紫燕百味鸡)",SA800240422409086206194,56.3,56.3,2,夫妻肺片套餐(直播专用)(苏州),外卖套餐,25.7,1,25.7,0,0
"2024-09-08",2024-09-08 16:44:28.000,外賣,"80024042-苏州翰林店(营业中,紫燕百味鸡)",SA800240422409081237812,55.7,55.7,1,八戒香耳(小份)(苏州),外卖套餐,22.1,1,22.1,0,0
"2024-09-08",2024-09-08 16:44:28.000,外賣,"80024042-苏州翰林店(营业中,紫燕百味鸡)",SA800240422409081237812,55.7,55.7,2,百味鸡(小份)(苏州),外卖套餐,22.7,1,22.7,0,0
"2024-09-08",2024-09-08 16:44:28.000,外賣,"80024042-苏州翰林店(营业中,紫燕百味鸡)",SA800240422409081237812,55.7,55.7,3,素菜拼盘(小份)(苏州),外卖套餐,10.9,1,10.9,0,0
"2024-09-08",2024-09-08 12:31:07.000,外賣,"80024042-苏州翰林店(营业中,紫燕百味鸡)",SA800240422409083469505,55.6,55.6,1,素菜拼盘150g(苏州),外卖套餐,6.5,1,6.5,0,0
"2024-09-08",2024-09-08 12:31:07.000,外賣,"80024042-苏州翰林店(营业中,紫燕百味鸡)",SA800240422409083469505,55.6,55.6,2,百味鸡(一只)(苏州),外卖套餐,49.1,1,49.1,0,0
"2024-09-08",2024-09-08 11:01:26.000,外賣,"80024042-苏州翰林店(营业中,紫燕百味鸡)",SA800240422409086591758,55.2,55.2,1,夫妻肺片双人餐(苏州),外卖套餐,55.2,1,55.2,0,0
"2024-09-08",2024-09-08 18:41:26.000,外賣,"80024042-苏州翰林店(营业中,紫燕百味鸡)",SA800240422409089471253,55.2,55.2,1,夫妻肺片双人餐(苏州),外卖套餐,55.2,1,55.2,0,0
"2024-09-08",2024-09-08 14:57:37.000,外賣,"80024042-苏州翰林店(营业中,紫燕百味鸡)",SA800240422409082879256,55.2,55.2,1,夫妻肺片双人餐(苏州),外卖套餐,55.2,1,55.2,0,0
"2024-09-08",2024-09-08 16:59:59.000,外賣,"80024042-苏州翰林店(营业中,紫燕百味鸡)",SA800240422409083631974,54.7,54.7,1,酱香鸭(小份)(苏州),外卖套餐,41.6,1,41.6,0,0
"2024-09-08",2024-09-08 16:59:59.000,外賣,"80024042-苏州翰林店(营业中,紫燕百味鸡)",SA800240422409083631974,54.7,54.7,2,脆香藕片(大份)(苏州),外卖套餐,13.1,1,13.1,0,0
"2024-09-08",2024-09-08 09:47:54.000,綫下,"80024042-苏州翰林店(营业中,紫燕百味鸡)",SA240420124090809475229,54.38,54.38,1,百味鸡,散装食品,75.6,0.322,24.34,0,0
"2024-09-08",2024-09-08 09:47:54.000,綫下,"80024042-苏州翰林店(营业中,紫燕百味鸡)",SA240420124090809475229,54.38,54.38,2,夫妻肺片,散装食品,211.6,0.142,30.04,0,0
"2024-09-08",2024-09-08 18:33:58.000,綫下,"80024042-苏州翰林店(营业中,紫燕百味鸡)",SA240420124090818335524,54.16,54.16,1,夫妻肺片,散装食品,211.6,0.256,54.16,0,0
"2024-09-08",2024-09-08 17:58:23.000,綫下,"80024042-苏州翰林店(营业中,紫燕百味鸡)",SA240420124090817582019,59.88,54.15,1,藤椒鸡,散装食品,91.6,0.356,32.6,0,0
"2024-09-08",2024-09-08 17:58:23.000,綫下,"80024042-苏州翰林店(营业中,紫燕百味鸡)",SA240420124090817582019,59.88,54.15,2,双椒猪蹄,散装食品,143.6,0.19,21.55,0,5.73
"2024-09-08",2024-09-08 10:39:37.000,綫下,"80024042-苏州翰林店(营业中,紫燕百味鸡)",SA240420124090810391920,53.78,53.78,1,虎皮凤爪,散装食品,99.6,0.3,29.88,0,0
"2024-09-08",2024-09-08 10:39:37.000,綫下,"80024042-苏州翰林店(营业中,紫燕百味鸡)",SA240420124090810391920,53.78,53.78,2,川椒凤爪（小）,散装食品,99.6,0.24,23.9,0,0
"2024-09-08",2024-09-08 16:16:20.000,綫下,"80024042-苏州翰林店(营业中,紫燕百味鸡)",SA240420124090816155914,53.7,53.7,1,夫妻肺片,散装食品,211.6,0.2,42.32,0,0
"2024-09-08",2024-09-08 16:16:20.000,綫下,"80024042-苏州翰林店(营业中,紫燕百味鸡)",SA240420124090816155914,53.7,53.7,2,孜然锁骨,散装食品,87.6,0.13,11.38,0,0
"2024-09-08",2024-09-08 12:44:09.000,綫下,"80024042-苏州翰林店(营业中,紫燕百味鸡)",SA240420124090812435611,53.32,53.32,1,夫妻肺片,散装食品,211.6,0.252,53.32,0,0
"2024-09-08",2024-09-08 15:59:38.000,綫下,"80024042-苏州翰林店(营业中,紫燕百味鸡)",SA240420124090815592708,52.92,52.92,1,百味鸡,散装食品,75.6,0.7,52.92,0,0
"2024-09-08",2024-09-08 12:07:41.000,外賣,"80024042-苏州翰林店(营业中,紫燕百味鸡)",SA800240422409085375890,52.9,52.9,1,酸汤肥牛(小份)(苏州),外卖套餐,18.8,1,18.8,0,0
"2024-09-08",2024-09-08 12:07:41.000,外賣,"80024042-苏州翰林店(营业中,紫燕百味鸡)",SA800240422409085375890,52.9,52.9,2,盒装米饭(苏州),外卖套餐,3.5,1,3.5,0,0
"2024-09-08",2024-09-08 12:07:41.000,外賣,"80024042-苏州翰林店(营业中,紫燕百味鸡)",SA800240422409085375890,52.9,52.9,3,百味鸡单人餐(苏州),外卖套餐,30.6,1,30.6,0,0
"2024-09-08",2024-09-08 10:54:59.000,綫下,"80024042-苏州翰林店(营业中,紫燕百味鸡)",SA240420124090810545627,52.16,52.16,1,百味鸡,散装食品,75.6,0.69,52.16,0,0
"2024-09-08",2024-09-08 09:34:05.000,綫下,"80024042-苏州翰林店(营业中,紫燕百味鸡)",SA240420124090809340322,52.05,52.05,1,夫妻肺片,散装食品,211.6,0.246,52.05,0,0
"2024-09-08",2024-09-08 11:34:26.000,外賣,"80024042-苏州翰林店(营业中,紫燕百味鸡)",SA800240422409085850374,51.9,51.9,1,百味鸡(小份)(苏州),外卖套餐,22.7,1,22.7,0,0
"2024-09-08",2024-09-08 11:24:37.000,綫下,"80024042-苏州翰林店(营业中,紫燕百味鸡)",SA240420124090811243411,51.9,51.9,1,藤椒鸡,散装食品,91.6,0.354,32.42,0,0
"2024-09-08",2024-09-08 11:34:26.000,外賣,"80024042-苏州翰林店(营业中,紫燕百味鸡)",SA800240422409085850374,51.9,51.9,2,夫妻肺片单人餐(苏州),外卖套餐,25.7,1,25.7,0,0
"2024-09-08",2024-09-08 11:24:37.000,綫下,"80024042-苏州翰林店(营业中,紫燕百味鸡)",SA240420124090811243411,51.9,51.9,2,八戒香耳,散装食品,147.6,0.132,19.48,0,0
"2024-09-08",2024-09-08 11:34:26.000,外賣,"80024042-苏州翰林店(营业中,紫燕百味鸡)",SA800240422409085850374,51.9,51.9,3,盒装米饭(苏州),外卖套餐,3.5,1,3.5,0,0
"2024-09-08",2024-09-08 19:24:17.000,綫下,"80024042-苏州翰林店(营业中,紫燕百味鸡)",SA240420124090819241302,51.63,51.63,1,百味鸡,散装食品,75.6,0.592,44.75,0,0
"2024-09-08",2024-09-08 21:07:44.000,綫下,"80024042-苏州翰林店(营业中,紫燕百味鸡)",SA240420124090821074213,51.63,51.63,1,夫妻肺片,散装食品,211.6,0.244,51.63,0,0
"2024-09-08",2024-09-08 19:24:17.000,綫下,"80024042-苏州翰林店(营业中,紫燕百味鸡)",SA240420124090819241302,51.63,51.63,2,素菜,散装食品,43.6,0.158,6.88,0,0
"2024-09-08",2024-09-08 11:14:09.000,綫下,"80024042-苏州翰林店(营业中,紫燕百味鸡)",SA240420124090811140707,51.44,51.44,1,夫妻肺片,散装食品,211.6,0.19,40.2,0,0
"2024-09-08",2024-09-08 11:14:09.000,綫下,"80024042-苏州翰林店(营业中,紫燕百味鸡)",SA240420124090811140707,51.44,51.44,2,素菜,散装食品,43.6,0.258,11.24,0,0
"2024-09-08",2024-09-08 11:33:09.000,綫下,"80024042-苏州翰林店(营业中,紫燕百味鸡)",SA240420124090811330716,51.4,51.4,1,百味鸡,散装食品,75.6,0.68,51.4,0,0
"2024-09-08",2024-09-08 12:03:05.000,綫下,"80024042-苏州翰林店(营业中,紫燕百味鸡)",SA240420124090812030228,50.59,50.59,1,夫妻肺片,散装食品,211.6,0.186,39.35,0,0
"2024-09-08",2024-09-08 12:03:05.000,綫下,"80024042-苏州翰林店(营业中,紫燕百味鸡)",SA240420124090812030228,50.59,50.59,2,素菜,散装食品,43.6,0.258,11.24,0,0
"2024-09-08",2024-09-08 16:35:04.000,綫下,"80024042-苏州翰林店(营业中,紫燕百味鸡)",SA240420124090816343923,50.2,50.2,1,夫妻肺片,散装食品,211.6,0.166,35.12,0,0
"2024-09-08",2024-09-08 16:35:04.000,綫下,"80024042-苏州翰林店(营业中,紫燕百味鸡)",SA240420124090816343923,50.2,50.2,2,素菜,散装食品,43.6,0.346,15.08,0,0
"2024-09-08",2024-09-08 10:31:03.000,外賣,"80024042-苏州翰林店(营业中,紫燕百味鸡)",SA800240422409082556918,50,50,1,夫妻肺片(小份)(苏州),外卖套餐,25.4,1,25.4,0,0
"2024-09-08",2024-09-08 10:31:03.000,外賣,"80024042-苏州翰林店(营业中,紫燕百味鸡)",SA800240422409082556918,50,50,2,素毛肚50g(B),外卖套餐,1.9,1,1.9,0,0
"2024-09-08",2024-09-08 10:31:03.000,外賣,"80024042-苏州翰林店(营业中,紫燕百味鸡)",SA800240422409082556918,50,50,3,百味鸡(小份)(苏州),外卖套餐,22.7,1,22.7,0,0
"2024-09-08",2024-09-08 11:20:35.000,外賣,"80024042-苏州翰林店(营业中,紫燕百味鸡)",SA800240422409087269993,48.7,48.7,1,夫妻肺片(中份)+魔芋素毛肚(苏州),外卖套餐,37.8,1,37.8,0,0
"2024-09-08",2024-09-08 11:20:35.000,外賣,"80024042-苏州翰林店(营业中,紫燕百味鸡)",SA800240422409087269993,48.7,48.7,2,素菜拼盘(小份)(苏州),外卖套餐,10.9,1,10.9,0,0
"2024-09-08",2024-09-08 10:37:33.000,綫下,"80024042-苏州翰林店(营业中,紫燕百味鸡)",SA240420124090810373019,48.66,48.66,1,夫妻肺片,散装食品,211.6,0.23,48.66,0,0
"2024-09-08",2024-09-08 10:10:03.000,綫下,"80024042-苏州翰林店(营业中,紫燕百味鸡)",SA240420124090810090808,48.66,48.66,1,夫妻肺片,散装食品,211.6,0.23,48.66,0,0
"2024-09-08",2024-09-08 18:24:11.000,外賣,"80024042-苏州翰林店(营业中,紫燕百味鸡)",SA800240422409086931478,48.3,48.3,1,五香凤爪(短)(小份)(苏州),外卖套餐,19.9,1,19.9,0,0
"2024-09-08",2024-09-08 18:24:11.000,外賣,"80024042-苏州翰林店(营业中,紫燕百味鸡)",SA800240422409086931478,48.3,48.3,2,素菜拼盘(小份)(苏州),外卖套餐,10.9,1,10.9,0,0
"2024-09-08",2024-09-08 18:24:11.000,外賣,"80024042-苏州翰林店(营业中,紫燕百味鸡)",SA800240422409086931478,48.3,48.3,3,五香鸭翅(小份)(苏州),外卖套餐,17.5,1,17.5,0,0
"2024-09-08",2024-09-08 15:37:10.000,外賣,"80024042-苏州翰林店(营业中,紫燕百味鸡)",SA800240422409081922400,48.1,48.1,1,夫妻肺片(小份)(苏州),外卖套餐,25.4,1,25.4,0,0
"2024-09-08",2024-09-08 15:37:10.000,外賣,"80024042-苏州翰林店(营业中,紫燕百味鸡)",SA800240422409081922400,48.1,48.1,2,百味鸡(小份)(苏州),外卖套餐,22.7,1,22.7,0,0
"2024-09-08",2024-09-08 14:48:35.000,綫下,"80024042-苏州翰林店(营业中,紫燕百味鸡)",SA240420124090814483123,47.82,47.82,1,夫妻肺片,散装食品,211.6,0.226,47.82,0,0
"2024-09-08",2024-09-08 07:57:58.000,綫下,"80024042-苏州翰林店(营业中,紫燕百味鸡)",SA240420124090807575201,47.55,47.55,1,百味鸡,散装食品,75.6,0.366,27.66,0,0
"2024-09-08",2024-09-08 07:57:58.000,綫下,"80024042-苏州翰林店(营业中,紫燕百味鸡)",SA240420124090807575201,47.55,47.55,2,夫妻肺片,散装食品,211.6,0.094,19.89,0,0
"2024-09-08",2024-09-08 09:11:11.000,綫下,"80024042-苏州翰林店(营业中,紫燕百味鸡)",SA240420124090809104415,47.15,47.15,1,夫妻肺片,散装食品,211.6,0.166,35.12,0,0
"2024-09-08",2024-09-08 09:11:11.000,綫下,"80024042-苏州翰林店(营业中,紫燕百味鸡)",SA240420124090809104415,47.15,47.15,2,素菜,散装食品,43.6,0.276,12.03,0,0
"2024-09-08",2024-09-08 17:24:29.000,綫下,"80024042-苏州翰林店(营业中,紫燕百味鸡)",SA240420124090817242608,46.79,46.79,1,藤椒鸡,散装食品,91.6,0.358,32.79,0,0
"2024-09-08",2024-09-08 17:24:29.000,綫下,"80024042-苏州翰林店(营业中,紫燕百味鸡)",SA240420124090817242608,46.79,46.79,2,藤椒鸭头（个）,散装食品,7,2,14,0,0
"2024-09-08",2024-09-08 19:46:44.000,綫下,"80024042-苏州翰林店(营业中,紫燕百味鸡)",SA240420124090819464106,45.7,45.7,1,夫妻肺片,散装食品,211.6,0.216,45.7,0,0
"2024-09-08",2024-09-08 17:57:55.000,外賣,"80024042-苏州翰林店(营业中,紫燕百味鸡)",SA800240422409086267310,45.4,45.4,1,百味鸡整只(直播专用)(苏州),外卖套餐,45.4,1,45.4,0,0
"2024-09-08",2024-09-08 10:32:21.000,綫下,"80024042-苏州翰林店(营业中,紫燕百味鸡)",SA240420124090810320916,45.28,45.28,1,夫妻肺片,散装食品,211.6,0.214,45.28,0,0
"2024-09-08",2024-09-08 10:55:35.000,綫下,"80024042-苏州翰林店(营业中,紫燕百味鸡)",SA240420124090810553228,45.2,45.2,1,五香牛腱肉,散装食品,233,0.194,45.2,0,0
"2024-09-08",2024-09-08 17:52:24.000,綫下,"80024042-苏州翰林店(营业中,紫燕百味鸡)",SA240420124090817522217,45.14,45.14,1,藤椒鸡,散装食品,91.6,0.352,32.24,0,0
"2024-09-08",2024-09-08 17:52:24.000,綫下,"80024042-苏州翰林店(营业中,紫燕百味鸡)",SA240420124090817522217,45.14,45.14,2,素菜,散装食品,43.6,0.296,12.9,0,0
"2024-09-08",2024-09-08 18:28:06.000,綫下,"80024042-苏州翰林店(营业中,紫燕百味鸡)",SA240420124090818280323,45.03,45.03,1,八戒香耳,散装食品,147.6,0.112,16.53,0,0
"2024-09-08",2024-09-08 18:28:06.000,綫下,"80024042-苏州翰林店(营业中,紫燕百味鸡)",SA240420124090818280323,45.03,45.03,2,夫妻肺片,散装食品,211.6,0.11,23.27,0,0
"2024-09-08",2024-09-08 18:28:06.000,綫下,"80024042-苏州翰林店(营业中,紫燕百味鸡)",SA240420124090818280323,45.03,45.03,3,素菜,散装食品,43.6,0.12,5.23,0,0
"2024-09-08",2024-09-08 09:39:47.000,綫下,"80024042-苏州翰林店(营业中,紫燕百味鸡)",SA240420124090809394525,56.92,44.97,1,飘香猪手,散装食品,119.6,0.476,44.97,0,11.95
"2024-09-08",2024-09-08 10:06:10.000,綫下,"80024042-苏州翰林店(营业中,紫燕百味鸡)",SA240420124090810060806,44.85,44.85,1,夫妻肺片,散装食品,211.6,0.212,44.85,0,0
"2024-09-08",2024-09-08 19:21:44.000,外賣,"80024042-苏州翰林店(营业中,紫燕百味鸡)",SA800240422409083307272,44.8,44.8,2,盒装米饭(苏州),外卖套餐,3.5,2,7,0,0
"2024-09-08",2024-09-08 19:21:44.000,外賣,"80024042-苏州翰林店(营业中,紫燕百味鸡)",SA800240422409083307272,44.8,44.8,3,夫妻肺片(中份)+魔芋素毛肚(苏州),外卖套餐,37.8,1,37.8,0,0
"2024-09-08",2024-09-08 12:07:30.000,綫下,"80024042-苏州翰林店(营业中,紫燕百味鸡)",SA240420124090812064701,44.65,44.65,1,夫妻肺片,散装食品,211.6,0.174,36.81,0,0
"2024-09-08",2024-09-08 12:07:30.000,綫下,"80024042-苏州翰林店(营业中,紫燕百味鸡)",SA240420124090812064701,44.65,44.65,2,素菜,散装食品,43.6,0.18,7.84,0,0
"2024-09-08",2024-09-08 18:29:02.000,外賣,"80024042-苏州翰林店(营业中,紫燕百味鸡)",SA800240422409087219284,44.4,44.4,1,夫妻肺片(大份)(苏州),外卖套餐,44.4,1,44.4,0,0
"2024-09-08",2024-09-08 18:35:46.000,外賣,"80024042-苏州翰林店(营业中,紫燕百味鸡)",SA800240422409081014777,44.4,44.4,1,八戒香耳(小份)(苏州),外卖套餐,22.1,1,22.1,0,0
"2024-09-08",2024-09-08 15:37:37.000,外賣,"80024042-苏州翰林店(营业中,紫燕百味鸡)",SA800240422409085883511,44.4,44.4,1,夫妻肺片(大份)(苏州),外卖套餐,44.4,1,44.4,0,0
"2024-09-08",2024-09-08 10:37:25.000,外賣,"80024042-苏州翰林店(营业中,紫燕百味鸡)",SA800240422409088094984,44.4,44.4,1,夫妻肺片(大份)(苏州),外卖套餐,44.4,1,44.4,0,0
"2024-09-08",2024-09-08 17:54:22.000,外賣,"80024042-苏州翰林店(营业中,紫燕百味鸡)",SA800240422409083085551,44.4,44.4,1,夫妻肺片(大份)(苏州),外卖套餐,44.4,1,44.4,0,0
"2024-09-08",2024-09-08 18:35:46.000,外賣,"80024042-苏州翰林店(营业中,紫燕百味鸡)",SA800240422409081014777,44.4,44.4,2,酸汤肥牛(小份)(苏州),外卖套餐,18.8,1,18.8,0,0
"2024-09-08",2024-09-08 18:35:46.000,外賣,"80024042-苏州翰林店(营业中,紫燕百味鸡)",SA800240422409081014777,44.4,44.4,3,盒装米饭(苏州),外卖套餐,3.5,1,3.5,0,0
"2024-09-08",2024-09-08 18:04:25.000,外賣,"80024042-苏州翰林店(营业中,紫燕百味鸡)",SA800240422409082300799,43.7,43.7,1,五香猪头肉(大份)(苏州),外卖套餐,35,1,35,0,0
"2024-09-08",2024-09-08 18:04:25.000,外賣,"80024042-苏州翰林店(营业中,紫燕百味鸡)",SA800240422409082300799,43.7,43.7,2,酸辣海带丝(小份)(苏州),外卖套餐,8.7,1,8.7,0,0
"2024-09-08",2024-09-08 17:12:09.000,綫下,"80024042-苏州翰林店(营业中,紫燕百味鸡)",SA240420124090817120204,43.58,43.58,1,夫妻肺片,散装食品,211.6,0.206,43.58,0,0
"2024-09-08",2024-09-08 12:46:34.000,外賣,"80024042-苏州翰林店(营业中,紫燕百味鸡)",SA800240422409082669550,43.4,43.4,1,夫妻肺片(小份)(苏州),外卖套餐,25.4,1,25.4,0,0
"2024-09-08",2024-09-08 12:46:34.000,外賣,"80024042-苏州翰林店(营业中,紫燕百味鸡)",SA800240422409082669550,43.4,43.4,2,五香手撕鸡(小份)(苏州),外卖套餐,18,1,18,0,0
"2024-09-08",2024-09-08 11:05:19.000,綫下,"80024042-苏州翰林店(营业中,紫燕百味鸡)",SA240420124090811051702,43.16,43.16,1,夫妻肺片,散装食品,211.6,0.204,43.16,0,0
"2024-09-08",2024-09-08 13:13:47.000,綫下,"80024042-苏州翰林店(营业中,紫燕百味鸡)",SA240420124090813134315,42.58,42.58,1,夫妻肺片,散装食品,211.6,0.154,32.58,0,0
"2024-09-08",2024-09-08 13:13:47.000,綫下,"80024042-苏州翰林店(营业中,紫燕百味鸡)",SA240420124090813134315,42.58,42.58,2,紫燕香酥花生（蜂蜜味210g）,包装食品,10,1,10,0,0
"2024-09-08",2024-09-08 09:04:27.000,綫下,"80024042-苏州翰林店(营业中,紫燕百味鸡)",SA240420124090809034613,42.32,42.32,1,夫妻肺片,散装食品,211.6,0.2,42.32,0,0
"2024-09-08",2024-09-08 17:16:26.000,綫下,"80024042-苏州翰林店(营业中,紫燕百味鸡)",SA240420124090817155806,42.24,42.24,1,夫妻肺片,散装食品,211.6,0.144,30.47,0,0
"2024-09-08",2024-09-08 17:16:26.000,綫下,"80024042-苏州翰林店(营业中,紫燕百味鸡)",SA240420124090817155806,42.24,42.24,2,素菜,散装食品,43.6,0.27,11.77,0,0
"2024-09-08",2024-09-08 16:09:28.000,外賣,"80024042-苏州翰林店(营业中,紫燕百味鸡)",SA800240422409088983028,42.1,42.1,1,藤椒鸡(大份)(苏州),外卖套餐,32.1,1,32.1,0,0
"2024-09-08",2024-09-08 16:09:28.000,外賣,"80024042-苏州翰林店(营业中,紫燕百味鸡)",SA800240422409088983028,42.1,42.1,2,盒装米饭(苏州),外卖套餐,3.5,1,3.5,0,0
"2024-09-08",2024-09-08 16:09:28.000,外賣,"80024042-苏州翰林店(营业中,紫燕百味鸡)",SA800240422409088983028,42.1,42.1,3,素拼150g【直播】(苏州),外卖套餐,6.5,1,6.5,0,0
"2024-09-08",2024-09-08 11:55:04.000,外賣,"80024042-苏州翰林店(营业中,紫燕百味鸡)",SA800240422409085135754,41.9,41.9,1,五香牛肉(大份)(苏州),外卖套餐,41.9,1,41.9,0,0
"2024-09-08",2024-09-08 17:05:15.000,綫下,"80024042-苏州翰林店(营业中,紫燕百味鸡)",SA240420124090817051202,41.89,41.89,1,夫妻肺片,散装食品,211.6,0.198,41.89,0,0
"2024-09-08",2024-09-08 21:10:00.000,外賣,"80024042-苏州翰林店(营业中,紫燕百味鸡)",SA800240422409083958054,41.6,41.6,1,百味鸡(中份)(苏州),外卖套餐,41.6,1,41.6,0,0
"2024-09-08",2024-09-08 10:22:19.000,綫下,"80024042-苏州翰林店(营业中,紫燕百味鸡)",SA240420124090810221611,41.47,41.47,1,夫妻肺片,散装食品,211.6,0.196,41.47,0,0
"2024-09-08",2024-09-08 17:17:32.000,綫下,"80024042-苏州翰林店(营业中,紫燕百味鸡)",SA240420124090817172507,41.47,41.47,1,夫妻肺片,散装食品,211.6,0.196,41.47,0,0
"2024-09-08",2024-09-08 09:36:44.000,綫下,"80024042-苏州翰林店(营业中,紫燕百味鸡)",SA240420124090809364224,41.27,41.27,1,百味鸡,散装食品,75.6,0.546,41.27,0,0
"2024-09-08",2024-09-08 19:07:21.000,綫下,"80024042-苏州翰林店(营业中,紫燕百味鸡)",SA240420124090819071801,40.94,40.94,1,夫妻肺片,散装食品,211.6,0.122,25.81,0,0
"2024-09-08",2024-09-08 19:07:21.000,綫下,"80024042-苏州翰林店(营业中,紫燕百味鸡)",SA240420124090819071801,40.94,40.94,2,虎皮凤爪,散装食品,99.6,0.152,15.13,0,0
"2024-09-08",2024-09-08 10:43:47.000,綫下,"80024042-苏州翰林店(营业中,紫燕百味鸡)",SA240420124090810434321,40.62,40.62,1,夫妻肺片,散装食品,211.6,0.192,40.62,0,0
"2024-09-08",2024-09-08 13:38:58.000,綫下,"80024042-苏州翰林店(营业中,紫燕百味鸡)",SA240420124090813385518,40.62,40.62,1,夫妻肺片,散装食品,211.6,0.192,40.62,0,0
"2024-09-08",2024-09-08 16:55:30.000,綫下,"80024042-苏州翰林店(营业中,紫燕百味鸡)",SA240420124090816552727,40.62,40.62,1,夫妻肺片,散装食品,211.6,0.192,40.62,0,0
"2024-09-08",2024-09-08 17:29:30.000,綫下,"80024042-苏州翰林店(营业中,紫燕百味鸡)",SA240420124090817292609,40.28,40.28,1,藤椒鸡,散装食品,91.6,0.378,34.62,0,0
"2024-09-08",2024-09-08 17:29:30.000,綫下,"80024042-苏州翰林店(营业中,紫燕百味鸡)",SA240420124090817292609,40.28,40.28,2,素菜,散装食品,43.6,0.13,5.66,0,0
"2024-09-08",2024-09-08 18:04:16.000,綫下,"80024042-苏州翰林店(营业中,紫燕百味鸡)",SA240420124090818041420,40.06,40.06,1,百味鸡,散装食品,75.6,0.53,40.06,0,0
"2024-09-08",2024-09-08 18:19:06.000,外賣,"80024042-苏州翰林店(营业中,紫燕百味鸡)",SA800240422409084887851,39.5,39.5,1,夫妻肺片(中份)(苏州),外卖套餐,36,1,36,0,0
"2024-09-08",2024-09-08 18:19:06.000,外賣,"80024042-苏州翰林店(营业中,紫燕百味鸡)",SA800240422409084887851,39.5,39.5,3,盒装米饭(苏州),外卖套餐,3.5,1,3.5,0,0
"2024-09-08",2024-09-08 08:33:12.000,綫下,"80024042-苏州翰林店(营业中,紫燕百味鸡)",SA240420124090808331006,39.35,39.35,1,夫妻肺片,散装食品,211.6,0.186,39.35,0,0
"2024-09-08",2024-09-08 15:53:42.000,綫下,"80024042-苏州翰林店(营业中,紫燕百味鸡)",SA240420124090815534007,39.26,39.26,1,八戒香耳,散装食品,147.6,0.266,39.26,0,0
"2024-09-08",2024-09-08 15:24:23.000,綫下,"80024042-苏州翰林店(营业中,紫燕百味鸡)",SA240420124090815235027,38.93,38.93,1,夫妻肺片,散装食品,211.6,0.184,38.93,0,0
"2024-09-08",2024-09-08 15:31:26.000,綫下,"80024042-苏州翰林店(营业中,紫燕百味鸡)",SA240420124090815312402,38.7,38.7,1,百味鸡,散装食品,75.6,0.512,38.7,0,0
"2024-09-08",2024-09-08 08:34:59.000,綫下,"80024042-苏州翰林店(营业中,紫燕百味鸡)",SA240420124090808345707,38.55,38.55,1,百味鸡,散装食品,75.6,0.51,38.55,0,0
"2024-09-08",2024-09-08 18:09:36.000,外賣,"80024042-苏州翰林店(营业中,紫燕百味鸡)",SA800240422409087794960,38.5,38.5,1,五香猪头肉(小份)(苏州),外卖套餐,17.5,1,17.5,0,0
"2024-09-08",2024-09-08 18:09:36.000,外賣,"80024042-苏州翰林店(营业中,紫燕百味鸡)",SA800240422409087794960,38.5,38.5,2,孜然锁骨(小份)(苏州),外卖套餐,17.5,1,17.5,0,0
"2024-09-08",2024-09-08 18:09:36.000,外賣,"80024042-苏州翰林店(营业中,紫燕百味鸡)",SA800240422409087794960,38.5,38.5,3,盒装米饭(苏州),外卖套餐,3.5,1,3.5,0,0
"2024-09-08",2024-09-08 12:03:34.000,綫下,"80024042-苏州翰林店(营业中,紫燕百味鸡)",SA240420124090812033229,38.08,38.08,1,夫妻肺片,散装食品,211.6,0.18,38.08,0,0
"2024-09-08",2024-09-08 09:29:21.000,綫下,"80024042-苏州翰林店(营业中,紫燕百味鸡)",SA240420124090809291221,38.08,38.08,1,夫妻肺片,散装食品,211.6,0.18,38.08,0,0
"2024-09-08",2024-09-08 17:35:15.000,外賣,"80024042-苏州翰林店(营业中,紫燕百味鸡)",SA800240422409083066818,37.8,37.8,1,夫妻肺片(中份)+魔芋素毛肚(苏州),外卖套餐,37.8,1,37.8,0,0
"2024-09-08",2024-09-08 18:20:03.000,外賣,"80024042-苏州翰林店(营业中,紫燕百味鸡)",SA800240422409083150253,37.6,37.6,1,夫妻肺片(小份)(苏州),外卖套餐,25.4,1,25.4,0,0
"2024-09-08",2024-09-08 18:20:03.000,外賣,"80024042-苏州翰林店(营业中,紫燕百味鸡)",SA800240422409083150253,37.6,37.6,2,酸辣海带丝(小份)(苏州),外卖套餐,8.7,1,8.7,0,0
"2024-09-08",2024-09-08 18:20:03.000,外賣,"80024042-苏州翰林店(营业中,紫燕百味鸡)",SA800240422409083150253,37.6,37.6,3,盒装米饭(苏州),外卖套餐,3.5,1,3.5,0,0
"2024-09-08",2024-09-08 16:49:28.000,外賣,"80024042-苏州翰林店(营业中,紫燕百味鸡)",SA800240422409082389785,37.4,37.4,1,盒装米饭(苏州),外卖套餐,3.5,1,3.5,0,0
"2024-09-08",2024-09-08 16:49:28.000,外賣,"80024042-苏州翰林店(营业中,紫燕百味鸡)",SA800240422409082389785,37.4,37.4,2,夫妻肺片160g【直播专用】（苏州）,外卖套餐,33.9,1,33.9,0,0
"2024-09-08",2024-09-08 14:35:26.000,綫下,"80024042-苏州翰林店(营业中,紫燕百味鸡)",SA240420124090814352222,37.24,37.24,1,夫妻肺片,散装食品,211.6,0.176,37.24,0,0
"2024-09-08",2024-09-08 18:29:57.000,外賣,"80024042-苏州翰林店(营业中,紫燕百味鸡)",SA800240422409081693541,36.8,36.8,1,麻辣豆干(小份)(苏州),外卖套餐,8.7,1,8.7,0,0
"2024-09-08",2024-09-08 18:29:57.000,外賣,"80024042-苏州翰林店(营业中,紫燕百味鸡)",SA800240422409081693541,36.8,36.8,2,酸汤肥牛(中份)(苏州),外卖套餐,28.1,1,28.1,0,0
"2024-09-08",2024-09-08 12:06:57.000,外賣,"80024042-苏州翰林店(营业中,紫燕百味鸡)",SA800240422409084059237,36.6,36.6,1,百味鸡单人餐(苏州),外卖套餐,30.6,1,30.6,0,0
"2024-09-08",2024-09-08 11:35:34.000,外賣,"80024042-苏州翰林店(营业中,紫燕百味鸡)",SA800240422409089429418,36.6,36.6,1,百味鸡单人餐(苏州),外卖套餐,30.6,1,30.6,0,0
"2024-09-08",2024-09-08 11:35:34.000,外賣,"80024042-苏州翰林店(营业中,紫燕百味鸡)",SA800240422409089429418,36.6,36.6,2,虎皮凤爪(1个)(苏州),外卖套餐,6,1,6,0,0
"2024-09-08",2024-09-08 12:06:57.000,外賣,"80024042-苏州翰林店(营业中,紫燕百味鸡)",SA800240422409084059237,36.6,36.6,3,虎皮凤爪(1个)(苏州),外卖套餐,6,1,6,0,0
"2024-09-08",2024-09-08 11:16:11.000,綫下,"80024042-苏州翰林店(营业中,紫燕百味鸡)",SA240420124090811155208,36.39,36.39,1,夫妻肺片,散装食品,211.6,0.172,36.39,0,0
"2024-09-08",2024-09-08 11:18:43.000,外賣,"80024042-苏州翰林店(营业中,紫燕百味鸡)",SA800240422409083139175,36.1,36.1,1,夫妻肺片单人餐(苏州),外卖套餐,25.7,1,25.7,0,0
"2024-09-08",2024-09-08 11:18:43.000,外賣,"80024042-苏州翰林店(营业中,紫燕百味鸡)",SA800240422409083139175,36.1,36.1,2,素毛肚50g(B),外卖套餐,1.9,1,1.9,0,0
"2024-09-08",2024-09-08 11:18:43.000,外賣,"80024042-苏州翰林店(营业中,紫燕百味鸡)",SA800240422409083139175,36.1,36.1,3,夫妻肺片(鸭肫)(苏州),外卖套餐,8.5,1,8.5,0,0
"2024-09-08",2024-09-08 17:34:40.000,外賣,"80024042-苏州翰林店(营业中,紫燕百味鸡)",SA800240422409081807019,36,36,1,夫妻肺片(中份)(苏州),外卖套餐,36,1,36,0,0
"2024-09-08",2024-09-08 16:58:46.000,外賣,"80024042-苏州翰林店(营业中,紫燕百味鸡)",SA800240422409083654693,36,36,1,夫妻肺片(中份)(苏州),外卖套餐,36,1,36,0,0
"2024-09-08",2024-09-08 10:49:48.000,外賣,"80024042-苏州翰林店(营业中,紫燕百味鸡)",SA800240422409085990801,36,36,1,夫妻肺片(中份)(苏州),外卖套餐,36,1,36,0,0
"2024-09-08",2024-09-08 17:54:17.000,外賣,"80024042-苏州翰林店(营业中,紫燕百味鸡)",SA800240422409085124952,36,36,1,夫妻肺片(中份)(苏州),外卖套餐,36,1,36,0,0
"2024-09-08",2024-09-08 12:30:14.000,外賣,"80024042-苏州翰林店(营业中,紫燕百味鸡)",SA800240422409087546982,36,36,2,夫妻肺片单人餐+魔芋素毛肚(苏州),外卖套餐,27.5,1,27.5,0,0
"2024-09-08",2024-09-08 12:30:14.000,外賣,"80024042-苏州翰林店(营业中,紫燕百味鸡)",SA800240422409087546982,36,36,3,夫妻肺片(猪舌)(苏州),外卖套餐,8.5,1,8.5,0,0
"2024-09-08",2024-09-08 11:35:57.000,外賣,"80024042-苏州翰林店(营业中,紫燕百味鸡)",SA800240422409086251096,35.6,35.6,1,盒装米饭(苏州),外卖套餐,3.5,1,3.5,0,0
"2024-09-08",2024-09-08 11:35:57.000,外賣,"80024042-苏州翰林店(营业中,紫燕百味鸡)",SA800240422409086251096,35.6,35.6,3,藤椒鸡(大份)(苏州),外卖套餐,32.1,1,32.1,0,0
"2024-09-08",2024-09-08 18:11:02.000,外賣,"80024042-苏州翰林店(营业中,紫燕百味鸡)",SA800240422409088943472,35.4,35.4,1,夫妻肺片(小份)(苏州),外卖套餐,25.4,1,25.4,0,0
"2024-09-08",2024-09-08 18:11:02.000,外賣,"80024042-苏州翰林店(营业中,紫燕百味鸡)",SA800240422409088943472,35.4,35.4,2,小素拼(直播专用)(苏州),外卖套餐,6.5,1,6.5,0,0
"2024-09-08",2024-09-08 18:11:02.000,外賣,"80024042-苏州翰林店(营业中,紫燕百味鸡)",SA800240422409088943472,35.4,35.4,3,盒装米饭(苏州),外卖套餐,3.5,1,3.5,0,0
"2024-09-08",2024-09-08 16:08:11.000,綫下,"80024042-苏州翰林店(营业中,紫燕百味鸡)",SA240420124090816080910,35.12,35.12,1,夫妻肺片,散装食品,211.6,0.166,35.12,0,0
"2024-09-08",2024-09-08 09:46:18.000,綫下,"80024042-苏州翰林店(营业中,紫燕百味鸡)",SA240420124090809461728,34.7,34.7,1,夫妻肺片,散装食品,211.6,0.164,34.7,0,0
"2024-09-08",2024-09-08 13:14:09.000,外賣,"80024042-苏州翰林店(营业中,紫燕百味鸡)",SA800240422409089837147,34.6,34.6,1,可口可乐(苏州),外卖套餐,4,1,4,0,0
"2024-09-08",2024-09-08 13:14:09.000,外賣,"80024042-苏州翰林店(营业中,紫燕百味鸡)",SA800240422409089837147,34.6,34.6,2,百味鸡单人餐(苏州),外卖套餐,30.6,1,30.6,0,0
"2024-09-08",2024-09-08 11:38:20.000,綫下,"80024042-苏州翰林店(营业中,紫燕百味鸡)",SA240420124090811372217,34.5,34.5,1,素菜,散装食品,43.6,0.248,10.81,0,0
"2024-09-08",2024-09-08 11:38:20.000,綫下,"80024042-苏州翰林店(营业中,紫燕百味鸡)",SA240420124090811372217,34.5,34.5,2,夫妻肺片,散装食品,211.6,0.112,23.69,0,0
"2024-09-08",2024-09-08 11:17:39.000,綫下,"80024042-苏州翰林店(营业中,紫燕百味鸡)",SA240420124090811173709,34.44,34.44,1,藤椒鸡,散装食品,91.6,0.376,34.44,0,0
"2024-09-08",2024-09-08 19:15:28.000,外賣,"80024042-苏州翰林店(营业中,紫燕百味鸡)",SA800240422409087427975,34.2,34.2,1,锁骨(个)(苏州),外卖套餐,6.6,1,6.6,0,0
"2024-09-08",2024-09-08 19:15:28.000,外賣,"80024042-苏州翰林店(营业中,紫燕百味鸡)",SA800240422409087427975,34.2,34.2,2,夫妻肺片单人餐(苏州),外卖套餐,25.7,1,25.7,0,0
"2024-09-08",2024-09-08 19:15:28.000,外賣,"80024042-苏州翰林店(营业中,紫燕百味鸡)",SA800240422409087427975,34.2,34.2,3,素毛肚50g(B),外卖套餐,1.9,1,1.9,0,0
"2024-09-08",2024-09-08 17:00:23.000,外賣,"80024042-苏州翰林店(营业中,紫燕百味鸡)",SA800240422409087145570,34.1,34.1,1,素菜拼盘150g(苏州),外卖套餐,6.5,1,6.5,0,0
"2024-09-08",2024-09-08 11:45:38.000,外賣,"80024042-苏州翰林店(营业中,紫燕百味鸡)",SA800240422409084191896,34.1,34.1,1,盒装米饭(苏州),外卖套餐,3.5,1,3.5,0,0
"2024-09-08",2024-09-08 12:36:19.000,外賣,"80024042-苏州翰林店(营业中,紫燕百味鸡)",SA800240422409081669675,34.1,34.1,1,盒装米饭(苏州),外卖套餐,3.5,1,3.5,0,0
"2024-09-08",2024-09-08 17:00:23.000,外賣,"80024042-苏州翰林店(营业中,紫燕百味鸡)",SA800240422409087145570,34.1,34.1,2,夫妻肺片单人餐(苏州),外卖套餐,25.7,1,25.7,0,0
"2024-09-08",2024-09-08 11:45:38.000,外賣,"80024042-苏州翰林店(营业中,紫燕百味鸡)",SA800240422409084191896,34.1,34.1,2,百味鸡单人餐(苏州),外卖套餐,30.6,1,30.6,0,0
"2024-09-08",2024-09-08 12:36:19.000,外賣,"80024042-苏州翰林店(营业中,紫燕百味鸡)",SA800240422409081669675,34.1,34.1,2,百味鸡单人餐(苏州),外卖套餐,30.6,1,30.6,0,0
"2024-09-08",2024-09-08 17:00:23.000,外賣,"80024042-苏州翰林店(营业中,紫燕百味鸡)",SA800240422409087145570,34.1,34.1,3,素毛肚50g(B),外卖套餐,1.9,1,1.9,0,0
"2024-09-08",2024-09-08 14:23:43.000,綫下,"80024042-苏州翰林店(营业中,紫燕百味鸡)",SA240420124090814233920,33.99,33.99,1,夫妻肺片,散装食品,211.6,0.112,23.69,0,0
"2024-09-08",2024-09-08 14:23:43.000,綫下,"80024042-苏州翰林店(营业中,紫燕百味鸡)",SA240420124090814233920,33.99,33.99,2,白米饭（300g）,包装食品,3.5,1,3.5,0,0
"2024-09-08",2024-09-08 14:23:43.000,綫下,"80024042-苏州翰林店(营业中,紫燕百味鸡)",SA240420124090814233920,33.99,33.99,3,素菜,散装食品,43.6,0.156,6.8,0,0
"2024-09-08",2024-09-08 12:11:22.000,外賣,"80024042-苏州翰林店(营业中,紫燕百味鸡)",SA800240422409088670560,33.9,33.9,1,夫妻肺片160g【直播专用】（苏州）,外卖套餐,33.9,1,33.9,0,0
"2024-09-08",2024-09-08 18:29:48.000,外賣,"80024042-苏州翰林店(营业中,紫燕百味鸡)",SA800240422409083987196,33.9,33.9,1,夫妻肺片160g【直播专用】（苏州）,外卖套餐,33.9,1,33.9,0,0
"2024-09-08",2024-09-08 20:15:28.000,綫下,"80024042-苏州翰林店(营业中,紫燕百味鸡)",SA240420124090820152610,33.52,33.52,1,藤椒鸡,散装食品,91.6,0.366,33.52,0,0
"2024-09-08",2024-09-08 09:55:38.000,綫下,"80024042-苏州翰林店(营业中,紫燕百味鸡)",SA240420124090809553501,32.79,32.79,1,藤椒鸡,散装食品,91.6,0.358,32.79,0,0
"2024-09-08",2024-09-08 17:31:43.000,綫下,"80024042-苏州翰林店(营业中,紫燕百味鸡)",SA240420124090817313810,32.58,32.58,1,夫妻肺片,散装食品,211.6,0.154,32.58,0,0
"2024-09-08",2024-09-08 17:50:52.000,外賣,"80024042-苏州翰林店(营业中,紫燕百味鸡)",SA800240422409084191315,32.4,32.4,1,夫妻肺片(小份)(苏州),外卖套餐,25.4,1,25.4,0,0
"2024-09-08",2024-09-08 17:50:52.000,外賣,"80024042-苏州翰林店(营业中,紫燕百味鸡)",SA800240422409084191315,32.4,32.4,3,藤椒鸭头(1个)(苏州),外卖套餐,7,1,7,0,0
"2024-09-08",2024-09-08 11:57:11.000,外賣,"80024042-苏州翰林店(营业中,紫燕百味鸡)",SA800240422409088357597,32.3,32.3,1,锁骨(个)(苏州),外卖套餐,6.6,1,6.6,0,0
"2024-09-08",2024-09-08 11:57:11.000,外賣,"80024042-苏州翰林店(营业中,紫燕百味鸡)",SA800240422409088357597,32.3,32.3,3,夫妻肺片单人餐(苏州),外卖套餐,25.7,1,25.7,0,0
"2024-09-08",2024-09-08 08:52:16.000,綫下,"80024042-苏州翰林店(营业中,紫燕百味鸡)",SA240420124090808521211,32.24,32.24,1,藤椒鸡,散装食品,91.6,0.352,32.24,0,0
"2024-09-08",2024-09-08 08:09:38.000,綫下,"80024042-苏州翰林店(营业中,紫燕百味鸡)",SA240420124090808093604,32.24,32.24,1,藤椒鸡,散装食品,91.6,0.352,32.24,0,0
"2024-09-08",2024-09-08 13:44:05.000,外賣,"80024042-苏州翰林店(营业中,紫燕百味鸡)",SA800240422409085332603,32.2,32.2,1,素菜拼盘150g(苏州),外卖套餐,6.5,1,6.5,0,0
"2024-09-08",2024-09-08 13:44:05.000,外賣,"80024042-苏州翰林店(营业中,紫燕百味鸡)",SA800240422409085332603,32.2,32.2,2,夫妻肺片单人餐(苏州),外卖套餐,25.7,1,25.7,0,0
"2024-09-08",2024-09-08 09:06:49.000,綫下,"80024042-苏州翰林店(营业中,紫燕百味鸡)",SA240420124090809064614,32.16,32.16,1,夫妻肺片,散装食品,211.6,0.152,32.16,0,0
"2024-09-08",2024-09-08 11:28:48.000,外賣,"80024042-苏州翰林店(营业中,紫燕百味鸡)",SA800240422409083691757,31.9,31.9,1,夫妻肺片(小份)(苏州),外卖套餐,25.4,1,25.4,0,0
"2024-09-08",2024-09-08 11:28:48.000,外賣,"80024042-苏州翰林店(营业中,紫燕百味鸡)",SA800240422409083691757,31.9,31.9,2,素菜拼盘150g(苏州),外卖套餐,6.5,1,6.5,0,0
"2024-09-08",2024-09-08 20:53:34.000,外賣,"80024042-苏州翰林店(营业中,紫燕百味鸡)",SA240420124090820532512,31.74,31.74,1,夫妻肺片,散装食品,211.6,0.15,31.74,0,0
"2024-09-08",2024-09-08 15:25:57.000,綫下,"80024042-苏州翰林店(营业中,紫燕百味鸡)",SA240420124090815255230,31.74,31.74,1,夫妻肺片,散装食品,211.6,0.15,31.74,0,0
"2024-09-08",2024-09-08 19:12:49.000,外賣,"80024042-苏州翰林店(营业中,紫燕百味鸡)",SA800240422409085583827,31.4,31.4,1,百味鸡(小份)(苏州),外卖套餐,22.7,1,22.7,0,0
"2024-09-08",2024-09-08 19:12:49.000,外賣,"80024042-苏州翰林店(营业中,紫燕百味鸡)",SA800240422409085583827,31.4,31.4,2,酸辣海带丝(小份)(苏州),外卖套餐,8.7,1,8.7,0,0
"2024-09-08",2024-09-08 11:41:28.000,外賣,"80024042-苏州翰林店(营业中,紫燕百味鸡)",SA800240422409087764898,31.2,31.2,1,可口可乐(苏州),外卖套餐,4,1,4,0,0
"2024-09-08",2024-09-08 11:41:28.000,外賣,"80024042-苏州翰林店(营业中,紫燕百味鸡)",SA800240422409087764898,31.2,31.2,3,夫妻肺片(小份)+魔芋素毛肚(苏州),外卖套餐,27.2,1,27.2,0,0
"2024-09-08",2024-09-08 13:10:36.000,綫下,"80024042-苏州翰林店(营业中,紫燕百味鸡)",SA240420124090813103414,30.89,30.89,1,夫妻肺片,散装食品,211.6,0.146,30.89,0,0
"2024-09-08",2024-09-08 11:04:21.000,外賣,"80024042-苏州翰林店(营业中,紫燕百味鸡)",SA800240422409083225497,30.6,30.6,1,百味鸡单人餐(苏州),外卖套餐,30.6,1,30.6,0,0
"2024-09-08",2024-09-08 11:26:05.000,外賣,"80024042-苏州翰林店(营业中,紫燕百味鸡)",SA800240422409085218547,30.6,30.6,1,百味鸡单人餐(苏州),外卖套餐,30.6,1,30.6,0,0
"2024-09-08",2024-09-08 11:28:40.000,外賣,"80024042-苏州翰林店(营业中,紫燕百味鸡)",SA800240422409084659099,30.6,30.6,1,百味鸡单人餐(苏州),外卖套餐,30.6,1,30.6,0,0
"2024-09-08",2024-09-08 11:30:52.000,外賣,"80024042-苏州翰林店(营业中,紫燕百味鸡)",SA800240422409089379938,30.6,30.6,1,百味鸡单人餐(苏州),外卖套餐,30.6,1,30.6,0,0
"2024-09-08",2024-09-08 11:36:53.000,外賣,"80024042-苏州翰林店(营业中,紫燕百味鸡)",SA800240422409086410198,30.6,30.6,1,百味鸡单人餐(苏州),外卖套餐,30.6,1,30.6,0,0
"2024-09-08",2024-09-08 12:12:37.000,外賣,"80024042-苏州翰林店(营业中,紫燕百味鸡)",SA800240422409081814187,30.6,30.6,1,百味鸡单人餐(苏州),外卖套餐,30.6,1,30.6,0,0
"2024-09-08",2024-09-08 16:45:00.000,外賣,"80024042-苏州翰林店(营业中,紫燕百味鸡)",SA800240422409085465761,30.6,30.6,1,百味鸡单人餐(苏州),外卖套餐,30.6,1,30.6,0,0
"2024-09-08",2024-09-08 15:08:32.000,外賣,"80024042-苏州翰林店(营业中,紫燕百味鸡)",SA800240422409085757838,30.6,30.6,1,百味鸡单人餐(苏州),外卖套餐,30.6,1,30.6,0,0
"2024-09-08",2024-09-08 16:07:27.000,外賣,"80024042-苏州翰林店(营业中,紫燕百味鸡)",SA800240422409086611338,30.6,30.6,1,百味鸡单人餐(苏州),外卖套餐,30.6,1,30.6,0,0
"2024-09-08",2024-09-08 17:57:40.000,外賣,"80024042-苏州翰林店(营业中,紫燕百味鸡)",SA800240422409086348874,30.6,30.6,1,百味鸡单人餐(苏州),外卖套餐,30.6,1,30.6,0,0
"2024-09-08",2024-09-08 18:07:16.000,外賣,"80024042-苏州翰林店(营业中,紫燕百味鸡)",SA800240422409083753500,30.6,30.6,1,百味鸡单人餐(苏州),外卖套餐,30.6,1,30.6,0,0
"2024-09-08",2024-09-08 18:15:54.000,外賣,"80024042-苏州翰林店(营业中,紫燕百味鸡)",SA800240422409089832844,30.6,30.6,1,百味鸡单人餐(苏州),外卖套餐,30.6,1,30.6,0,0
"2024-09-08",2024-09-08 18:16:28.000,外賣,"80024042-苏州翰林店(营业中,紫燕百味鸡)",SA800240422409081404226,30.6,30.6,1,百味鸡单人餐(苏州),外卖套餐,30.6,1,30.6,0,0
"2024-09-08",2024-09-08 20:12:45.000,外賣,"80024042-苏州翰林店(营业中,紫燕百味鸡)",SA800240422409087350607,30.6,30.6,1,百味鸡单人餐(苏州),外卖套餐,30.6,1,30.6,0,0
"2024-09-08",2024-09-08 20:16:05.000,外賣,"80024042-苏州翰林店(营业中,紫燕百味鸡)",SA800240422409088243984,30.6,30.6,1,百味鸡单人餐(苏州),外卖套餐,30.6,1,30.6,0,0
"2024-09-08",2024-09-08 20:23:21.000,外賣,"80024042-苏州翰林店(营业中,紫燕百味鸡)",SA800240422409084344822,30.6,30.6,1,百味鸡单人餐(苏州),外卖套餐,30.6,1,30.6,0,0
"2024-09-08",2024-09-08 10:00:12.000,外賣,"80024042-苏州翰林店(营业中,紫燕百味鸡)",SA800240422409089395582,30.6,30.6,1,百味鸡单人餐(苏州),外卖套餐,30.6,1,30.6,0,0
"2024-09-08",2024-09-08 11:02:20.000,外賣,"80024042-苏州翰林店(营业中,紫燕百味鸡)",SA800240422409083946537,30.6,30.6,1,百味鸡单人餐(苏州),外卖套餐,30.6,1,30.6,0,0
"2024-09-08",2024-09-08 10:18:33.000,外賣,"80024042-苏州翰林店(营业中,紫燕百味鸡)",SA800240422409086970868,30.6,30.6,1,百味鸡单人餐(苏州),外卖套餐,30.6,1,30.6,0,0
"2024-09-08",2024-09-08 16:03:11.000,外賣,"80024042-苏州翰林店(营业中,紫燕百味鸡)",SA800240422409089226191,30.6,30.6,1,百味鸡单人餐(苏州),外卖套餐,30.6,1,30.6,0,0
"2024-09-08",2024-09-08 13:27:45.000,外賣,"80024042-苏州翰林店(营业中,紫燕百味鸡)",SA800240422409086989944,30.6,30.6,1,百味鸡单人餐(苏州),外卖套餐,30.6,1,30.6,0,0
"2024-09-08",2024-09-08 13:23:45.000,外賣,"80024042-苏州翰林店(营业中,紫燕百味鸡)",SA800240422409089421793,30.6,30.6,1,百味鸡单人餐(苏州),外卖套餐,30.6,1,30.6,0,0
"2024-09-08",2024-09-08 12:56:21.000,外賣,"80024042-苏州翰林店(营业中,紫燕百味鸡)",SA800240422409087799389,30.6,30.6,1,百味鸡单人餐(苏州),外卖套餐,30.6,1,30.6,0,0
"2024-09-08",2024-09-08 12:33:58.000,外賣,"80024042-苏州翰林店(营业中,紫燕百味鸡)",SA800240422409082414546,30.6,30.6,1,百味鸡单人餐(苏州),外卖套餐,30.6,1,30.6,0,0
"2024-09-08",2024-09-08 11:56:27.000,外賣,"80024042-苏州翰林店(营业中,紫燕百味鸡)",SA800240422409085510058,30.6,30.6,1,百味鸡单人餐(苏州),外卖套餐,30.6,1,30.6,0,0
"2024-09-08",2024-09-08 20:48:08.000,外賣,"80024042-苏州翰林店(营业中,紫燕百味鸡)",SA800240422409085888300,30.6,30.6,1,百味鸡单人餐(苏州),外卖套餐,30.6,1,30.6,0,0
"2024-09-08",2024-09-08 20:46:12.000,外賣,"80024042-苏州翰林店(营业中,紫燕百味鸡)",SA800240422409083342553,30.6,30.6,1,百味鸡单人餐(苏州),外卖套餐,30.6,1,30.6,0,0
"2024-09-08",2024-09-08 20:40:57.000,外賣,"80024042-苏州翰林店(营业中,紫燕百味鸡)",SA800240422409085139495,30.6,30.6,1,百味鸡单人餐(苏州),外卖套餐,30.6,1,30.6,0,0
"2024-09-08",2024-09-08 19:20:09.000,外賣,"80024042-苏州翰林店(营业中,紫燕百味鸡)",SA800240422409088457084,30.6,30.6,1,百味鸡单人餐(苏州),外卖套餐,30.6,1,30.6,0,0
"2024-09-08",2024-09-08 19:00:55.000,外賣,"80024042-苏州翰林店(营业中,紫燕百味鸡)",SA800240422409087371074,30.6,30.6,1,百味鸡单人餐(苏州),外卖套餐,30.6,1,30.6,0,0
"2024-09-08",2024-09-08 18:50:26.000,外賣,"80024042-苏州翰林店(营业中,紫燕百味鸡)",SA800240422409089471643,30.6,30.6,1,百味鸡单人餐(苏州),外卖套餐,30.6,1,30.6,0,0
"2024-09-08",2024-09-08 17:52:38.000,外賣,"80024042-苏州翰林店(营业中,紫燕百味鸡)",SA800240422409087083764,30.6,30.6,1,百味鸡单人餐(苏州),外卖套餐,30.6,1,30.6,0,0
"2024-09-08",2024-09-08 18:10:38.000,外賣,"80024042-苏州翰林店(营业中,紫燕百味鸡)",SA800240422409084090603,30.6,30.6,1,百味鸡单人餐(苏州),外卖套餐,30.6,1,30.6,0,0
"2024-09-08",2024-09-08 18:30:13.000,外賣,"80024042-苏州翰林店(营业中,紫燕百味鸡)",SA800240422409083698844,30.6,30.6,1,百味鸡单人餐(苏州),外卖套餐,30.6,1,30.6,0,0
"2024-09-08",2024-09-08 10:57:41.000,外賣,"80024042-苏州翰林店(营业中,紫燕百味鸡)",SA800240422409088987990,30.6,30.6,1,百味鸡单人餐(苏州),外卖套餐,30.6,1,30.6,0,0
"2024-09-08",2024-09-08 11:09:36.000,外賣,"80024042-苏州翰林店(营业中,紫燕百味鸡)",SA800240422409084797235,30.6,30.6,1,百味鸡单人餐(苏州),外卖套餐,30.6,1,30.6,0,0
"2024-09-08",2024-09-08 11:47:58.000,外賣,"80024042-苏州翰林店(营业中,紫燕百味鸡)",SA800240422409088466596,30.6,30.6,1,百味鸡单人餐(苏州),外卖套餐,30.6,1,30.6,0,0
"2024-09-08",2024-09-08 18:42:36.000,外賣,"80024042-苏州翰林店(营业中,紫燕百味鸡)",SA800240422409083521170,30.6,30.6,1,百味鸡单人餐(苏州),外卖套餐,30.6,1,30.6,0,0
"2024-09-08",2024-09-08 18:43:20.000,外賣,"80024042-苏州翰林店(营业中,紫燕百味鸡)",SA800240422409084104546,30.6,30.6,1,百味鸡单人餐(苏州),外卖套餐,30.6,1,30.6,0,0
"2024-09-08",2024-09-08 11:54:56.000,外賣,"80024042-苏州翰林店(营业中,紫燕百味鸡)",SA800240422409081809570,30.6,30.6,2,百味鸡单人餐(苏州),外卖套餐,30.6,1,30.6,0,0
"2024-09-08",2024-09-08 17:51:56.000,外賣,"80024042-苏州翰林店(营业中,紫燕百味鸡)",SA800240422409086166078,30.6,30.6,2,百味鸡单人餐(苏州),外卖套餐,30.6,1,30.6,0,0
"2024-09-08",2024-09-08 10:32:46.000,外賣,"80024042-苏州翰林店(营业中,紫燕百味鸡)",SA800240422409087718833,30.6,30.6,2,百味鸡单人餐(苏州),外卖套餐,30.6,1,30.6,0,0
"2024-09-08",2024-09-08 11:50:33.000,綫下,"80024042-苏州翰林店(营业中,紫燕百味鸡)",SA240420124090811502323,30.59,30.59,1,藤椒鸡,散装食品,91.6,0.334,30.59,0,0
"2024-09-08",2024-09-08 11:29:28.000,綫下,"80024042-苏州翰林店(营业中,紫燕百味鸡)",SA240420124090811292614,30.59,30.59,1,藤椒鸡,散装食品,91.6,0.334,30.59,0,0
"2024-09-08",2024-09-08 16:58:46.000,綫下,"80024042-苏州翰林店(营业中,紫燕百味鸡)",SA240420124090816584329,30.47,30.47,1,夫妻肺片,散装食品,211.6,0.144,30.47,0,0
"2024-09-08",2024-09-08 12:17:13.000,綫下,"80024042-苏州翰林店(营业中,紫燕百味鸡)",SA240420124090812160505,30.22,30.22,1,藤椒鸡,散装食品,91.6,0.33,30.22,0,0
"2024-09-08",2024-09-08 16:50:23.000,綫下,"80024042-苏州翰林店(营业中,紫燕百味鸡)",SA240420124090816502126,30.04,30.04,1,夫妻肺片,散装食品,211.6,0.142,30.04,0,0
"2024-09-08",2024-09-08 10:17:57.000,綫下,"80024042-苏州翰林店(营业中,紫燕百味鸡)",SA240420124090810175510,30.04,30.04,1,夫妻肺片,散装食品,211.6,0.142,30.04,0,0
"2024-09-08",2024-09-08 08:08:46.000,綫下,"80024042-苏州翰林店(营业中,紫燕百味鸡)",SA240420124090808084403,30.04,30.04,1,夫妻肺片,散装食品,211.6,0.142,30.04,0,0
"2024-09-08",2024-09-08 08:25:21.000,綫下,"80024042-苏州翰林店(营业中,紫燕百味鸡)",SA240420124090808251705,30.04,30.04,1,夫妻肺片,散装食品,211.6,0.142,30.04,0,0
"2024-09-08",2024-09-08 16:14:48.000,綫下,"80024042-苏州翰林店(营业中,紫燕百味鸡)",SA240420124090816144513,30.04,30.04,1,夫妻肺片,散装食品,211.6,0.142,30.04,0,0
"2024-09-08",2024-09-08 10:54:52.000,綫下,"80024042-苏州翰林店(营业中,紫燕百味鸡)",SA240420124090810544926,30.04,30.04,1,夫妻肺片,散装食品,211.6,0.142,30.04,0,0
"2024-09-08",2024-09-08 15:40:26.000,綫下,"80024042-苏州翰林店(营业中,紫燕百味鸡)",SA240420124090815402103,30.04,30.04,1,夫妻肺片,散装食品,211.6,0.142,30.04,0,0
"2024-09-08",2024-09-08 18:26:10.000,綫下,"80024042-苏州翰林店(营业中,紫燕百味鸡)",SA240420124090818260722,29.82,29.82,1,五香牛腱肉,散装食品,233,0.128,29.82,0,0
"2024-09-08",2024-09-08 15:17:22.000,綫下,"80024042-苏州翰林店(营业中,紫燕百味鸡)",SA240420124090815172026,29.81,29.81,1,八戒香耳,散装食品,147.6,0.202,29.81,0,0
"2024-09-08",2024-09-08 12:05:46.000,外賣,"80024042-苏州翰林店(营业中,紫燕百味鸡)",SA800240422409084426759,29.7,29.7,1,可口可乐(苏州),外卖套餐,4,1,4,0,0
"2024-09-08",2024-09-08 12:05:46.000,外賣,"80024042-苏州翰林店(营业中,紫燕百味鸡)",SA800240422409084426759,29.7,29.7,2,夫妻肺片单人餐(苏州),外卖套餐,25.7,1,25.7,0,0
"2024-09-08",2024-09-08 17:01:59.000,綫下,"80024042-苏州翰林店(营业中,紫燕百味鸡)",SA240420124090817015630,29.36,29.36,1,夫妻肺片,散装食品,211.6,0.098,20.73,0,0
"2024-09-08",2024-09-08 17:01:59.000,綫下,"80024042-苏州翰林店(营业中,紫燕百味鸡)",SA240420124090817015630,29.36,29.36,2,素菜,散装食品,43.6,0.198,8.63,0,0
"2024-09-08",2024-09-08 16:28:12.000,綫下,"80024042-苏州翰林店(营业中,紫燕百味鸡)",SA240420124090816280921,29.03,29.03,1,手撕鸡(五香味),散装食品,89.6,0.324,29.03,0,0
"2024-09-08",2024-09-08 11:50:28.000,外賣,"80024042-苏州翰林店(营业中,紫燕百味鸡)",SA800240422409083615676,28.9,28.9,1,夫妻肺片(小份)(苏州),外卖套餐,25.4,1,25.4,0,0
"2024-09-08",2024-09-08 21:15:00.000,外賣,"80024042-苏州翰林店(营业中,紫燕百味鸡)",SA800240422409081147140,28.9,28.9,1,夫妻肺片(小份)(苏州),外卖套餐,25.4,1,25.4,0,0
"2024-09-08",2024-09-08 11:21:53.000,外賣,"80024042-苏州翰林店(营业中,紫燕百味鸡)",SA800240422409088936423,28.9,28.9,1,夫妻肺片(小份)(苏州),外卖套餐,25.4,1,25.4,0,0
"2024-09-08",2024-09-08 21:15:00.000,外賣,"80024042-苏州翰林店(营业中,紫燕百味鸡)",SA800240422409081147140,28.9,28.9,2,盒装米饭(苏州),外卖套餐,3.5,1,3.5,0,0
"2024-09-08",2024-09-08 17:59:44.000,外賣,"80024042-苏州翰林店(营业中,紫燕百味鸡)",SA800240422409083279115,28.9,28.9,2,夫妻肺片(小份)(苏州),外卖套餐,25.4,1,25.4,0,0
"2024-09-08",2024-09-08 11:50:28.000,外賣,"80024042-苏州翰林店(营业中,紫燕百味鸡)",SA800240422409083615676,28.9,28.9,2,盒装米饭(苏州),外卖套餐,3.5,1,3.5,0,0
"2024-09-08",2024-09-08 11:21:53.000,外賣,"80024042-苏州翰林店(营业中,紫燕百味鸡)",SA800240422409088936423,28.9,28.9,3,盒装米饭(苏州),外卖套餐,3.5,1,3.5,0,0
"2024-09-08",2024-09-08 17:59:44.000,外賣,"80024042-苏州翰林店(营业中,紫燕百味鸡)",SA800240422409083279115,28.9,28.9,3,盒装米饭(苏州),外卖套餐,3.5,1,3.5,0,0
"2024-09-08",2024-09-08 15:01:46.000,綫下,"80024042-苏州翰林店(营业中,紫燕百味鸡)",SA240420124090815014225,28.88,28.88,1,五香凤爪,散装食品,99.6,0.29,28.88,0,0
"2024-09-08",2024-09-08 14:03:10.000,外賣,"80024042-苏州翰林店(营业中,紫燕百味鸡)",SA800240422409086190206,28.6,28.6,1,八戒香耳(小份)(苏州),外卖套餐,22.1,1,22.1,0,0
"2024-09-08",2024-09-08 14:03:10.000,外賣,"80024042-苏州翰林店(营业中,紫燕百味鸡)",SA800240422409086190206,28.6,28.6,2,素菜拼盘150g(苏州),外卖套餐,6.5,1,6.5,0,0
"2024-09-08",2024-09-08 14:45:48.000,外賣,"80024042-苏州翰林店(营业中,紫燕百味鸡)",SA800240422409086256838,28.4,28.4,1,五香凤爪(个)(苏州),外卖套餐,11,1,11,0,0
"2024-09-08",2024-09-08 14:45:48.000,外賣,"80024042-苏州翰林店(营业中,紫燕百味鸡)",SA800240422409086256838,28.4,28.4,2,素菜拼盘(大份)(苏州),外卖套餐,17.4,1,17.4,0,0
"2024-09-08",2024-09-08 14:50:48.000,綫下,"80024042-苏州翰林店(营业中,紫燕百味鸡)",SA240420124090814504224,27.96,27.96,1,五香牛腱肉,散装食品,233,0.12,27.96,0,0
"2024-09-08",2024-09-08 18:48:57.000,外賣,"80024042-苏州翰林店(营业中,紫燕百味鸡)",SA800240422409088342900,27.7,27.7,1,冷吃酸汤肥牛单人餐(苏州),外卖套餐,23.7,1,23.7,0,0
"2024-09-08",2024-09-08 18:48:57.000,外賣,"80024042-苏州翰林店(营业中,紫燕百味鸡)",SA800240422409088342900,27.7,27.7,2,可口可乐(苏州),外卖套餐,4,1,4,0,0
"2024-09-08",2024-09-08 18:38:40.000,外賣,"80024042-苏州翰林店(营业中,紫燕百味鸡)",SA800240422409086125023,27.6,27.6,1,夫妻肺片单人餐(苏州),外卖套餐,25.7,1,25.7,0,0
"2024-09-08",2024-09-08 17:06:29.000,外賣,"80024042-苏州翰林店(营业中,紫燕百味鸡)",SA800240422409087754974,27.6,27.6,1,夫妻肺片单人餐(苏州),外卖套餐,25.7,1,25.7,0,0
"2024-09-08",2024-09-08 18:35:18.000,外賣,"80024042-苏州翰林店(营业中,紫燕百味鸡)",SA800240422409083159294,27.6,27.6,1,夫妻肺片单人餐(苏州),外卖套餐,25.7,1,25.7,0,0
"2024-09-08",2024-09-08 15:13:45.000,外賣,"80024042-苏州翰林店(营业中,紫燕百味鸡)",SA800240422409082568648,27.6,27.6,1,夫妻肺片单人餐(苏州),外卖套餐,25.7,1,25.7,0,0
"2024-09-08",2024-09-08 18:44:32.000,外賣,"80024042-苏州翰林店(营业中,紫燕百味鸡)",SA800240422409083404263,27.6,27.6,1,夫妻肺片单人餐(苏州),外卖套餐,25.7,1,25.7,0,0
"2024-09-08",2024-09-08 20:12:27.000,外賣,"80024042-苏州翰林店(营业中,紫燕百味鸡)",SA800240422409083173177,27.6,27.6,1,夫妻肺片单人餐(苏州),外卖套餐,25.7,1,25.7,0,0
"2024-09-08",2024-09-08 11:02:03.000,外賣,"80024042-苏州翰林店(营业中,紫燕百味鸡)",SA800240422409083909072,27.6,27.6,1,夫妻肺片单人餐(苏州),外卖套餐,25.7,1,25.7,0,0
"2024-09-08",2024-09-08 20:12:27.000,外賣,"80024042-苏州翰林店(营业中,紫燕百味鸡)",SA800240422409083173177,27.6,27.6,2,素毛肚50g(B),外卖套餐,1.9,1,1.9,0,0
"2024-09-08",2024-09-08 18:44:32.000,外賣,"80024042-苏州翰林店(营业中,紫燕百味鸡)",SA800240422409083404263,27.6,27.6,2,素毛肚50g(B),外卖套餐,1.9,1,1.9,0,0
"2024-09-08",2024-09-08 18:38:40.000,外賣,"80024042-苏州翰林店(营业中,紫燕百味鸡)",SA800240422409086125023,27.6,27.6,2,素毛肚50g(B),外卖套餐,1.9,1,1.9,0,0
"2024-09-08",2024-09-08 18:35:18.000,外賣,"80024042-苏州翰林店(营业中,紫燕百味鸡)",SA800240422409083159294,27.6,27.6,2,素毛肚50g(B),外卖套餐,1.9,1,1.9,0,0
"2024-09-08",2024-09-08 17:06:29.000,外賣,"80024042-苏州翰林店(营业中,紫燕百味鸡)",SA800240422409087754974,27.6,27.6,2,素毛肚50g(B),外卖套餐,1.9,1,1.9,0,0
"2024-09-08",2024-09-08 15:13:45.000,外賣,"80024042-苏州翰林店(营业中,紫燕百味鸡)",SA800240422409082568648,27.6,27.6,2,素毛肚50g(B),外卖套餐,1.9,1,1.9,0,0
"2024-09-08",2024-09-08 11:02:03.000,外賣,"80024042-苏州翰林店(营业中,紫燕百味鸡)",SA800240422409083909072,27.6,27.6,2,素毛肚50g(B),外卖套餐,1.9,1,1.9,0,0
"2024-09-08",2024-09-08 11:04:39.000,綫下,"80024042-苏州翰林店(营业中,紫燕百味鸡)",SA240420124090811043701,27.5,27.5,1,夫妻肺片,散装食品,211.6,0.13,27.5,0,0
"2024-09-08",2024-09-08 17:53:55.000,外賣,"80024042-苏州翰林店(营业中,紫燕百味鸡)",SA800240422409089133981,27.5,27.5,1,夫妻肺片单人餐+魔芋素毛肚(苏州),外卖套餐,27.5,1,27.5,0,0
"2024-09-08",2024-09-08 16:06:23.000,外賣,"80024042-苏州翰林店(营业中,紫燕百味鸡)",SA800240422409083983266,27.5,27.5,1,夫妻肺片单人餐+魔芋素毛肚(苏州),外卖套餐,27.5,1,27.5,0,0
"2024-09-08",2024-09-08 19:08:19.000,外賣,"80024042-苏州翰林店(营业中,紫燕百味鸡)",SA800240422409082550115,27.5,27.5,1,夫妻肺片单人餐+魔芋素毛肚(苏州),外卖套餐,27.5,1,27.5,0,0
"2024-09-08",2024-09-08 11:30:00.000,外賣,"80024042-苏州翰林店(营业中,紫燕百味鸡)",SA800240422409087202841,27.5,27.5,1,夫妻肺片单人餐+魔芋素毛肚(苏州),外卖套餐,27.5,1,27.5,0,0
"2024-09-08",2024-09-08 18:48:20.000,外賣,"80024042-苏州翰林店(营业中,紫燕百味鸡)",SA800240422409081385972,27.5,27.5,1,夫妻肺片单人餐+魔芋素毛肚(苏州),外卖套餐,27.5,1,27.5,0,0
"2024-09-08",2024-09-08 11:44:23.000,外賣,"80024042-苏州翰林店(营业中,紫燕百味鸡)",SA800240422409082496835,27.5,27.5,1,夫妻肺片单人餐+魔芋素毛肚(苏州),外卖套餐,27.5,1,27.5,0,0
"2024-09-08",2024-09-08 11:33:21.000,外賣,"80024042-苏州翰林店(营业中,紫燕百味鸡)",SA800240422409084568852,27.5,27.5,1,夫妻肺片单人餐+魔芋素毛肚(苏州),外卖套餐,27.5,1,27.5,0,0
"2024-09-08",2024-09-08 11:27:56.000,外賣,"80024042-苏州翰林店(营业中,紫燕百味鸡)",SA800240422409082486643,27.5,27.5,1,夫妻肺片单人餐+魔芋素毛肚(苏州),外卖套餐,27.5,1,27.5,0,0
"2024-09-08",2024-09-08 20:26:37.000,外賣,"80024042-苏州翰林店(营业中,紫燕百味鸡)",SA800240422409086474357,27.5,27.5,2,夫妻肺片单人餐+魔芋素毛肚(苏州),外卖套餐,27.5,1,27.5,0,0
"2024-09-08",2024-09-08 18:29:14.000,外賣,"80024042-苏州翰林店(营业中,紫燕百味鸡)",SA800240422409088905033,27.5,27.5,2,夫妻肺片单人餐+魔芋素毛肚(苏州),外卖套餐,27.5,1,27.5,0,0
"2024-09-08",2024-09-08 17:59:20.000,外賣,"80024042-苏州翰林店(营业中,紫燕百味鸡)",SA800240422409083277884,27.5,27.5,2,夫妻肺片单人餐+魔芋素毛肚(苏州),外卖套餐,27.5,1,27.5,0,0
"2024-09-08",2024-09-08 16:08:28.000,外賣,"80024042-苏州翰林店(营业中,紫燕百味鸡)",SA800240422409087179431,27.3,27.3,1,夫妻肺片(小份)(苏州),外卖套餐,25.4,1,25.4,0,0
"2024-09-08",2024-09-08 16:08:28.000,外賣,"80024042-苏州翰林店(营业中,紫燕百味鸡)",SA800240422409087179431,27.3,27.3,2,素毛肚50g(B),外卖套餐,1.9,1,1.9,0,0
"2024-09-08",2024-09-08 14:35:23.000,外賣,"80024042-苏州翰林店(营业中,紫燕百味鸡)",SA800240422409082929942,27.2,27.2,1,冷吃酸汤肥牛单人餐(苏州),外卖套餐,23.7,1,23.7,0,0
"2024-09-08",2024-09-08 14:35:23.000,外賣,"80024042-苏州翰林店(营业中,紫燕百味鸡)",SA800240422409082929942,27.2,27.2,2,盒装米饭(苏州),外卖套餐,3.5,1,3.5,0,0
"2024-09-08",2024-09-08 16:27:25.000,綫下,"80024042-苏州翰林店(营业中,紫燕百味鸡)",SA240420124090816272220,26.91,26.91,1,百味鸡,散装食品,75.6,0.356,26.91,0,0
"2024-09-08",2024-09-08 13:21:32.000,綫下,"80024042-苏州翰林店(营业中,紫燕百味鸡)",SA240420124090813212917,26.49,26.49,1,酸辣凤爪,散装食品,99.6,0.266,26.49,0,0
"2024-09-08",2024-09-08 10:39:27.000,外賣,"80024042-苏州翰林店(营业中,紫燕百味鸡)",SA800240422409085396179,26.1,26.1,1,酸辣海带丝(小份)(苏州),外卖套餐,8.7,1,8.7,0,0
"2024-09-08",2024-09-08 10:39:27.000,外賣,"80024042-苏州翰林店(营业中,紫燕百味鸡)",SA800240422409085396179,26.1,26.1,2,素菜拼盘(大份)(苏州),外卖套餐,17.4,1,17.4,0,0
"2024-09-08",2024-09-08 11:01:48.000,外賣,"80024042-苏州翰林店(营业中,紫燕百味鸡)",SA800240422409088784996,25.7,25.7,1,夫妻肺片单人餐(苏州),外卖套餐,25.7,1,25.7,0,0
"2024-09-08",2024-09-08 11:02:30.000,外賣,"80024042-苏州翰林店(营业中,紫燕百味鸡)",SA800240422409083796934,25.7,25.7,1,夫妻肺片套餐(直播专用)(苏州),外卖套餐,25.7,1,25.7,0,0
"2024-09-08",2024-09-08 11:13:31.000,外賣,"80024042-苏州翰林店(营业中,紫燕百味鸡)",SA800240422409082627728,25.7,25.7,1,夫妻肺片单人餐(苏州),外卖套餐,25.7,1,25.7,0,0
"2024-09-08",2024-09-08 12:40:00.000,外賣,"80024042-苏州翰林店(营业中,紫燕百味鸡)",SA800240422409084948685,25.7,25.7,1,夫妻肺片单人餐(苏州),外卖套餐,25.7,1,25.7,0,0
"2024-09-08",2024-09-08 11:27:35.000,外賣,"80024042-苏州翰林店(营业中,紫燕百味鸡)",SA800240422409087388713,25.7,25.7,1,夫妻肺片单人餐(苏州),外卖套餐,25.7,1,25.7,0,0
"2024-09-08",2024-09-08 11:29:42.000,外賣,"80024042-苏州翰林店(营业中,紫燕百味鸡)",SA800240422409083905066,25.7,25.7,1,夫妻肺片单人餐(苏州),外卖套餐,25.7,1,25.7,0,0
"2024-09-08",2024-09-08 11:30:24.000,外賣,"80024042-苏州翰林店(营业中,紫燕百味鸡)",SA800240422409082402395,25.7,25.7,1,夫妻肺片单人餐(苏州),外卖套餐,25.7,1,25.7,0,0
"2024-09-08",2024-09-08 11:43:38.000,外賣,"80024042-苏州翰林店(营业中,紫燕百味鸡)",SA800240422409088115623,25.7,25.7,1,夫妻肺片单人餐(苏州),外卖套餐,25.7,1,25.7,0,0
"2024-09-08",2024-09-08 18:42:04.000,外賣,"80024042-苏州翰林店(营业中,紫燕百味鸡)",SA800240422409085574792,25.7,25.7,1,夫妻肺片单人餐(苏州),外卖套餐,25.7,1,25.7,0,0
"2024-09-08",2024-09-08 18:58:43.000,外賣,"80024042-苏州翰林店(营业中,紫燕百味鸡)",SA800240422409087394217,25.7,25.7,1,夫妻肺片单人餐(苏州),外卖套餐,25.7,1,25.7,0,0
"2024-09-08",2024-09-08 19:01:02.000,外賣,"80024042-苏州翰林店(营业中,紫燕百味鸡)",SA800240422409082777049,25.7,25.7,1,夫妻肺片单人餐(苏州),外卖套餐,25.7,1,25.7,0,0
"2024-09-08",2024-09-08 19:03:42.000,外賣,"80024042-苏州翰林店(营业中,紫燕百味鸡)",SA800240422409081848461,25.7,25.7,1,夫妻肺片单人餐(苏州),外卖套餐,25.7,1,25.7,0,0
"2024-09-08",2024-09-08 19:13:15.000,外賣,"80024042-苏州翰林店(营业中,紫燕百味鸡)",SA800240422409082559878,25.7,25.7,1,夫妻肺片单人餐(苏州),外卖套餐,25.7,1,25.7,0,0
"2024-09-08",2024-09-08 19:22:14.000,外賣,"80024042-苏州翰林店(营业中,紫燕百味鸡)",SA800240422409081942270,25.7,25.7,1,夫妻肺片套餐(直播专用)(苏州),外卖套餐,25.7,1,25.7,0,0
"2024-09-08",2024-09-08 20:31:56.000,外賣,"80024042-苏州翰林店(营业中,紫燕百味鸡)",SA800240422409087161942,25.7,25.7,1,夫妻肺片单人餐(苏州),外卖套餐,25.7,1,25.7,0,0
"2024-09-08",2024-09-08 20:33:11.000,外賣,"80024042-苏州翰林店(营业中,紫燕百味鸡)",SA800240422409085792289,25.7,25.7,1,夫妻肺片套餐(直播专用)(苏州),外卖套餐,25.7,1,25.7,0,0
"2024-09-08",2024-09-08 20:33:34.000,外賣,"80024042-苏州翰林店(营业中,紫燕百味鸡)",SA800240422409088222324,25.7,25.7,1,夫妻肺片套餐(直播专用)(苏州),外卖套餐,25.7,1,25.7,0,0
"2024-09-08",2024-09-08 20:34:47.000,外賣,"80024042-苏州翰林店(营业中,紫燕百味鸡)",SA800240422409085083674,25.7,25.7,1,夫妻肺片套餐(直播专用)(苏州),外卖套餐,25.7,1,25.7,0,0
"2024-09-08",2024-09-08 20:41:32.000,外賣,"80024042-苏州翰林店(营业中,紫燕百味鸡)",SA800240422409081938061,25.7,25.7,1,夫妻肺片单人餐(苏州),外卖套餐,25.7,1,25.7,0,0
"2024-09-08",2024-09-08 20:42:01.000,外賣,"80024042-苏州翰林店(营业中,紫燕百味鸡)",SA800240422409084657772,25.7,25.7,1,夫妻肺片单人餐(苏州),外卖套餐,25.7,1,25.7,0,0
"2024-09-08",2024-09-08 20:56:44.000,外賣,"80024042-苏州翰林店(营业中,紫燕百味鸡)",SA800240422409088365044,25.7,25.7,1,夫妻肺片单人餐(苏州),外卖套餐,25.7,1,25.7,0,0
"2024-09-08",2024-09-08 12:13:04.000,外賣,"80024042-苏州翰林店(营业中,紫燕百味鸡)",SA800240422409086284322,25.7,25.7,1,夫妻肺片套餐(直播专用)(苏州),外卖套餐,25.7,1,25.7,0,0
"2024-09-08",2024-09-08 12:19:05.000,外賣,"80024042-苏州翰林店(营业中,紫燕百味鸡)",SA800240422409083445249,25.7,25.7,1,夫妻肺片单人餐(苏州),外卖套餐,25.7,1,25.7,0,0
"2024-09-08",2024-09-08 12:31:06.000,外賣,"80024042-苏州翰林店(营业中,紫燕百味鸡)",SA800240422409082019468,25.7,25.7,1,夫妻肺片单人餐(苏州),外卖套餐,25.7,1,25.7,0,0
"2024-09-08",2024-09-08 13:03:07.000,外賣,"80024042-苏州翰林店(营业中,紫燕百味鸡)",SA800240422409088410788,25.7,25.7,1,夫妻肺片套餐(直播专用)(苏州),外卖套餐,25.7,1,25.7,0,0
"2024-09-08",2024-09-08 13:10:00.000,外賣,"80024042-苏州翰林店(营业中,紫燕百味鸡)",SA800240422409087009373,25.7,25.7,1,夫妻肺片单人餐(苏州),外卖套餐,25.7,1,25.7,0,0
"2024-09-08",2024-09-08 13:21:06.000,外賣,"80024042-苏州翰林店(营业中,紫燕百味鸡)",SA800240422409087471509,25.7,25.7,1,夫妻肺片单人餐(苏州),外卖套餐,25.7,1,25.7,0,0
"2024-09-08",2024-09-08 13:43:28.000,外賣,"80024042-苏州翰林店(营业中,紫燕百味鸡)",SA800240422409089697922,25.7,25.7,1,夫妻肺片单人餐(苏州),外卖套餐,25.7,1,25.7,0,0
"2024-09-08",2024-09-08 14:40:38.000,外賣,"80024042-苏州翰林店(营业中,紫燕百味鸡)",SA800240422409088957681,25.7,25.7,1,夫妻肺片套餐(直播专用)(苏州),外卖套餐,25.7,1,25.7,0,0
"2024-09-08",2024-09-08 14:45:34.000,外賣,"80024042-苏州翰林店(营业中,紫燕百味鸡)",SA800240422409087020508,25.7,25.7,1,夫妻肺片单人餐(苏州),外卖套餐,25.7,1,25.7,0,0
"2024-09-08",2024-09-08 15:41:03.000,外賣,"80024042-苏州翰林店(营业中,紫燕百味鸡)",SA800240422409087427081,25.7,25.7,1,夫妻肺片单人餐(苏州),外卖套餐,25.7,1,25.7,0,0
"2024-09-08",2024-09-08 17:26:32.000,外賣,"80024042-苏州翰林店(营业中,紫燕百味鸡)",SA800240422409087017003,25.7,25.7,1,夫妻肺片单人餐(苏州),外卖套餐,25.7,1,25.7,0,0
"2024-09-08",2024-09-08 17:33:24.000,外賣,"80024042-苏州翰林店(营业中,紫燕百味鸡)",SA800240422409086903125,25.7,25.7,1,夫妻肺片单人餐(苏州),外卖套餐,25.7,1,25.7,0,0
"2024-09-08",2024-09-08 17:40:04.000,外賣,"80024042-苏州翰林店(营业中,紫燕百味鸡)",SA800240422409084339748,25.7,25.7,1,夫妻肺片单人餐(苏州),外卖套餐,25.7,1,25.7,0,0
"2024-09-08",2024-09-08 17:45:12.000,外賣,"80024042-苏州翰林店(营业中,紫燕百味鸡)",SA800240422409082287692,25.7,25.7,1,夫妻肺片单人餐(苏州),外卖套餐,25.7,1,25.7,0,0
"2024-09-08",2024-09-08 14:20:00.000,外賣,"80024042-苏州翰林店(营业中,紫燕百味鸡)",SA800240422409083096270,25.7,25.7,1,夫妻肺片单人餐(苏州),外卖套餐,25.7,1,25.7,0,0
"2024-09-08",2024-09-08 12:50:00.000,外賣,"80024042-苏州翰林店(营业中,紫燕百味鸡)",SA800240422409085005885,25.7,25.7,1,夫妻肺片单人餐(苏州),外卖套餐,25.7,1,25.7,0,0
"2024-09-08",2024-09-08 11:15:00.000,外賣,"80024042-苏州翰林店(营业中,紫燕百味鸡)",SA800240422409087567934,25.7,25.7,1,夫妻肺片单人餐(苏州),外卖套餐,25.7,1,25.7,0,0
"2024-09-08",2024-09-08 10:43:49.000,外賣,"80024042-苏州翰林店(营业中,紫燕百味鸡)",SA800240422409087975859,25.7,25.7,1,夫妻肺片单人餐(苏州),外卖套餐,25.7,1,25.7,0,0
"2024-09-08",2024-09-08 11:40:00.000,外賣,"80024042-苏州翰林店(营业中,紫燕百味鸡)",SA800240422409088392606,25.7,25.7,1,夫妻肺片单人餐(苏州),外卖套餐,25.7,1,25.7,0,0
"2024-09-08",2024-09-08 10:56:32.000,外賣,"80024042-苏州翰林店(营业中,紫燕百味鸡)",SA800240422409083659018,25.7,25.7,1,夫妻肺片单人餐(苏州),外卖套餐,25.7,1,25.7,0,0
"2024-09-08",2024-09-08 11:10:28.000,外賣,"80024042-苏州翰林店(营业中,紫燕百味鸡)",SA800240422409087850889,25.7,25.7,1,夫妻肺片单人餐(苏州),外卖套餐,25.7,1,25.7,0,0
"2024-09-08",2024-09-08 11:13:28.000,外賣,"80024042-苏州翰林店(营业中,紫燕百味鸡)",SA800240422409086718967,25.7,25.7,1,夫妻肺片单人餐(苏州),外卖套餐,25.7,1,25.7,0,0
"2024-09-08",2024-09-08 11:14:10.000,外賣,"80024042-苏州翰林店(营业中,紫燕百味鸡)",SA800240422409088478670,25.7,25.7,1,夫妻肺片单人餐(苏州),外卖套餐,25.7,1,25.7,0,0
"2024-09-08",2024-09-08 11:20:38.000,外賣,"80024042-苏州翰林店(营业中,紫燕百味鸡)",SA800240422409081461186,25.7,25.7,1,夫妻肺片单人餐(苏州),外卖套餐,25.7,1,25.7,0,0
"2024-09-08",2024-09-08 11:23:05.000,外賣,"80024042-苏州翰林店(营业中,紫燕百味鸡)",SA800240422409086825084,25.7,25.7,1,夫妻肺片单人餐(苏州),外卖套餐,25.7,1,25.7,0,0
"2024-09-08",2024-09-08 11:27:32.000,外賣,"80024042-苏州翰林店(营业中,紫燕百味鸡)",SA800240422409089661103,25.7,25.7,1,夫妻肺片单人餐(苏州),外卖套餐,25.7,1,25.7,0,0
"2024-09-08",2024-09-08 11:29:32.000,外賣,"80024042-苏州翰林店(营业中,紫燕百味鸡)",SA800240422409087905386,25.7,25.7,1,夫妻肺片单人餐(苏州),外卖套餐,25.7,1,25.7,0,0
"2024-09-08",2024-09-08 11:33:57.000,外賣,"80024042-苏州翰林店(营业中,紫燕百味鸡)",SA800240422409081525290,25.7,25.7,1,夫妻肺片单人餐(苏州),外卖套餐,25.7,1,25.7,0,0
"2024-09-08",2024-09-08 11:36:45.000,外賣,"80024042-苏州翰林店(营业中,紫燕百味鸡)",SA800240422409084274323,25.7,25.7,1,夫妻肺片单人餐(苏州),外卖套餐,25.7,1,25.7,0,0
"2024-09-08",2024-09-08 11:43:07.000,外賣,"80024042-苏州翰林店(营业中,紫燕百味鸡)",SA800240422409085780571,25.7,25.7,1,夫妻肺片单人餐(苏州),外卖套餐,25.7,1,25.7,0,0
"2024-09-08",2024-09-08 11:43:27.000,外賣,"80024042-苏州翰林店(营业中,紫燕百味鸡)",SA800240422409081447767,25.7,25.7,1,夫妻肺片单人餐(苏州),外卖套餐,25.7,1,25.7,0,0
"2024-09-08",2024-09-08 11:46:30.000,外賣,"80024042-苏州翰林店(营业中,紫燕百味鸡)",SA800240422409086754117,25.7,25.7,1,夫妻肺片单人餐(苏州),外卖套餐,25.7,1,25.7,0,0
"2024-09-08",2024-09-08 12:50:00.000,外賣,"80024042-苏州翰林店(营业中,紫燕百味鸡)",SA800240422409089632436,25.7,25.7,1,夫妻肺片单人餐(苏州),外卖套餐,25.7,1,25.7,0,0
"2024-09-08",2024-09-08 12:05:43.000,外賣,"80024042-苏州翰林店(营业中,紫燕百味鸡)",SA800240422409089118612,25.7,25.7,1,夫妻肺片单人餐(苏州),外卖套餐,25.7,1,25.7,0,0
"2024-09-08",2024-09-08 12:05:56.000,外賣,"80024042-苏州翰林店(营业中,紫燕百味鸡)",SA800240422409087904879,25.7,25.7,1,夫妻肺片单人餐(苏州),外卖套餐,25.7,1,25.7,0,0
"2024-09-08",2024-09-08 12:20:52.000,外賣,"80024042-苏州翰林店(营业中,紫燕百味鸡)",SA800240422409084866392,25.7,25.7,1,夫妻肺片单人餐(苏州),外卖套餐,25.7,1,25.7,0,0
"2024-09-08",2024-09-08 12:35:13.000,外賣,"80024042-苏州翰林店(营业中,紫燕百味鸡)",SA800240422409085249795,25.7,25.7,1,夫妻肺片单人餐(苏州),外卖套餐,25.7,1,25.7,0,0
"2024-09-08",2024-09-08 12:49:00.000,外賣,"80024042-苏州翰林店(营业中,紫燕百味鸡)",SA800240422409087029593,25.7,25.7,1,夫妻肺片单人餐(苏州),外卖套餐,25.7,1,25.7,0,0
"2024-09-08",2024-09-08 12:50:20.000,外賣,"80024042-苏州翰林店(营业中,紫燕百味鸡)",SA800240422409085768014,25.7,25.7,1,夫妻肺片单人餐(苏州),外卖套餐,25.7,1,25.7,0,0
"2024-09-08",2024-09-08 13:05:34.000,外賣,"80024042-苏州翰林店(营业中,紫燕百味鸡)",SA800240422409083394319,25.7,25.7,1,夫妻肺片单人餐(苏州),外卖套餐,25.7,1,25.7,0,0
"2024-09-08",2024-09-08 13:45:12.000,外賣,"80024042-苏州翰林店(营业中,紫燕百味鸡)",SA800240422409082425218,25.7,25.7,1,夫妻肺片单人餐(苏州),外卖套餐,25.7,1,25.7,0,0
"2024-09-08",2024-09-08 13:48:09.000,外賣,"80024042-苏州翰林店(营业中,紫燕百味鸡)",SA800240422409085366017,25.7,25.7,1,夫妻肺片单人餐(苏州),外卖套餐,25.7,1,25.7,0,0
"2024-09-08",2024-09-08 13:51:15.000,外賣,"80024042-苏州翰林店(营业中,紫燕百味鸡)",SA800240422409087876327,25.7,25.7,1,夫妻肺片单人餐(苏州),外卖套餐,25.7,1,25.7,0,0
"2024-09-08",2024-09-08 14:04:34.000,外賣,"80024042-苏州翰林店(营业中,紫燕百味鸡)",SA800240422409084620128,25.7,25.7,1,夫妻肺片单人餐(苏州),外卖套餐,25.7,1,25.7,0,0
"2024-09-08",2024-09-08 14:18:42.000,外賣,"80024042-苏州翰林店(营业中,紫燕百味鸡)",SA800240422409089944025,25.7,25.7,1,夫妻肺片单人餐(苏州),外卖套餐,25.7,1,25.7,0,0
"2024-09-08",2024-09-08 14:24:21.000,外賣,"80024042-苏州翰林店(营业中,紫燕百味鸡)",SA800240422409087152295,25.7,25.7,1,夫妻肺片单人餐(苏州),外卖套餐,25.7,1,25.7,0,0
"2024-09-08",2024-09-08 14:24:30.000,外賣,"80024042-苏州翰林店(营业中,紫燕百味鸡)",SA800240422409084616344,25.7,25.7,1,夫妻肺片单人餐(苏州),外卖套餐,25.7,1,25.7,0,0
"2024-09-08",2024-09-08 14:31:25.000,外賣,"80024042-苏州翰林店(营业中,紫燕百味鸡)",SA800240422409087745164,25.7,25.7,1,夫妻肺片单人餐(苏州),外卖套餐,25.7,1,25.7,0,0
"2024-09-08",2024-09-08 14:43:34.000,外賣,"80024042-苏州翰林店(营业中,紫燕百味鸡)",SA800240422409089236600,25.7,25.7,1,夫妻肺片单人餐(苏州),外卖套餐,25.7,1,25.7,0,0
"2024-09-08",2024-09-08 14:50:11.000,外賣,"80024042-苏州翰林店(营业中,紫燕百味鸡)",SA800240422409082396635,25.7,25.7,1,夫妻肺片单人餐(苏州),外卖套餐,25.7,1,25.7,0,0
"2024-09-08",2024-09-08 15:11:45.000,外賣,"80024042-苏州翰林店(营业中,紫燕百味鸡)",SA800240422409088202241,25.7,25.7,1,夫妻肺片单人餐(苏州),外卖套餐,25.7,1,25.7,0,0
"2024-09-08",2024-09-08 15:55:17.000,外賣,"80024042-苏州翰林店(营业中,紫燕百味鸡)",SA800240422409087510845,25.7,25.7,1,夫妻肺片单人餐(苏州),外卖套餐,25.7,1,25.7,0,0
"2024-09-08",2024-09-08 15:59:45.000,外賣,"80024042-苏州翰林店(营业中,紫燕百味鸡)",SA800240422409087559334,25.7,25.7,1,夫妻肺片单人餐(苏州),外卖套餐,25.7,1,25.7,0,0
"2024-09-08",2024-09-08 16:28:36.000,外賣,"80024042-苏州翰林店(营业中,紫燕百味鸡)",SA800240422409082940069,25.7,25.7,1,夫妻肺片单人餐(苏州),外卖套餐,25.7,1,25.7,0,0
"2024-09-08",2024-09-08 18:15:00.000,外賣,"80024042-苏州翰林店(营业中,紫燕百味鸡)",SA800240422409084756323,25.7,25.7,1,夫妻肺片单人餐(苏州),外卖套餐,25.7,1,25.7,0,0
"2024-09-08",2024-09-08 16:37:31.000,外賣,"80024042-苏州翰林店(营业中,紫燕百味鸡)",SA800240422409085545018,25.7,25.7,1,夫妻肺片单人餐(苏州),外卖套餐,25.7,1,25.7,0,0
"2024-09-08",2024-09-08 18:25:00.000,外賣,"80024042-苏州翰林店(营业中,紫燕百味鸡)",SA800240422409082640452,25.7,25.7,1,夫妻肺片单人餐(苏州),外卖套餐,25.7,1,25.7,0,0
"2024-09-08",2024-09-08 17:38:42.000,外賣,"80024042-苏州翰林店(营业中,紫燕百味鸡)",SA800240422409084675573,25.7,25.7,1,夫妻肺片单人餐(苏州),外卖套餐,25.7,1,25.7,0,0
"2024-09-08",2024-09-08 17:43:43.000,外賣,"80024042-苏州翰林店(营业中,紫燕百味鸡)",SA800240422409089233494,25.7,25.7,1,夫妻肺片单人餐(苏州),外卖套餐,25.7,1,25.7,0,0
"2024-09-08",2024-09-08 18:01:05.000,外賣,"80024042-苏州翰林店(营业中,紫燕百味鸡)",SA800240422409083744692,25.7,25.7,1,夫妻肺片单人餐(苏州),外卖套餐,25.7,1,25.7,0,0
"2024-09-08",2024-09-08 18:17:46.000,外賣,"80024042-苏州翰林店(营业中,紫燕百味鸡)",SA800240422409081821436,25.7,25.7,1,夫妻肺片单人餐(苏州),外卖套餐,25.7,1,25.7,0,0
"2024-09-08",2024-09-08 18:17:53.000,外賣,"80024042-苏州翰林店(营业中,紫燕百味鸡)",SA800240422409086099292,25.7,25.7,1,夫妻肺片单人餐(苏州),外卖套餐,25.7,1,25.7,0,0
"2024-09-08",2024-09-08 18:28:03.000,外賣,"80024042-苏州翰林店(营业中,紫燕百味鸡)",SA800240422409085253762,25.7,25.7,1,夫妻肺片单人餐(苏州),外卖套餐,25.7,1,25.7,0,0
"2024-09-08",2024-09-08 18:35:15.000,外賣,"80024042-苏州翰林店(营业中,紫燕百味鸡)",SA800240422409084938796,25.7,25.7,1,夫妻肺片单人餐(苏州),外卖套餐,25.7,1,25.7,0,0
"2024-09-08",2024-09-08 19:16:58.000,外賣,"80024042-苏州翰林店(营业中,紫燕百味鸡)",SA800240422409089246631,25.7,25.7,1,夫妻肺片单人餐(苏州),外卖套餐,25.7,1,25.7,0,0
"2024-09-08",2024-09-08 17:54:21.000,外賣,"80024042-苏州翰林店(营业中,紫燕百味鸡)",SA800240422409084516846,25.7,25.7,1,夫妻肺片单人餐(苏州),外卖套餐,25.7,1,25.7,0,0
"2024-09-08",2024-09-08 18:05:14.000,外賣,"80024042-苏州翰林店(营业中,紫燕百味鸡)",SA800240422409088318766,25.7,25.7,1,夫妻肺片单人餐(苏州),外卖套餐,25.7,1,25.7,0,0
"2024-09-08",2024-09-08 18:06:20.000,外賣,"80024042-苏州翰林店(营业中,紫燕百味鸡)",SA800240422409082373990,25.7,25.7,1,夫妻肺片单人餐(苏州),外卖套餐,25.7,1,25.7,0,0
"2024-09-08",2024-09-08 18:09:34.000,外賣,"80024042-苏州翰林店(营业中,紫燕百味鸡)",SA800240422409089006559,25.7,25.7,1,夫妻肺片套餐(直播专用)(苏州),外卖套餐,25.7,1,25.7,0,0
"2024-09-08",2024-09-08 18:20:44.000,外賣,"80024042-苏州翰林店(营业中,紫燕百味鸡)",SA800240422409087213064,25.7,25.7,1,夫妻肺片单人餐(苏州),外卖套餐,25.7,1,25.7,0,0
"2024-09-08",2024-09-08 18:22:18.000,外賣,"80024042-苏州翰林店(营业中,紫燕百味鸡)",SA800240422409084882144,25.7,25.7,1,夫妻肺片单人餐(苏州),外卖套餐,25.7,1,25.7,0,0
"2024-09-08",2024-09-08 18:37:21.000,外賣,"80024042-苏州翰林店(营业中,紫燕百味鸡)",SA800240422409088792044,25.7,25.7,1,夫妻肺片套餐(直播专用)(苏州),外卖套餐,25.7,1,25.7,0,0
"2024-09-08",2024-09-08 18:41:15.000,外賣,"80024042-苏州翰林店(营业中,紫燕百味鸡)",SA800240422409087318580,25.7,25.7,1,夫妻肺片单人餐(苏州),外卖套餐,25.7,1,25.7,0,0
"2024-09-08",2024-09-08 10:56:05.000,外賣,"80024042-苏州翰林店(营业中,紫燕百味鸡)",SA800240422409084277938,25.7,25.7,1,夫妻肺片套餐(直播专用)(苏州),外卖套餐,25.7,1,25.7,0,0
"2024-09-08",2024-09-08 11:00:27.000,外賣,"80024042-苏州翰林店(营业中,紫燕百味鸡)",SA800240422409083022590,25.7,25.7,1,夫妻肺片单人餐(苏州),外卖套餐,25.7,1,25.7,0,0
"2024-09-08",2024-09-08 11:11:40.000,外賣,"80024042-苏州翰林店(营业中,紫燕百味鸡)",SA800240422409088703289,25.7,25.7,2,夫妻肺片单人餐(苏州),外卖套餐,25.7,1,25.7,0,0
"2024-09-08",2024-09-08 12:14:00.000,外賣,"80024042-苏州翰林店(营业中,紫燕百味鸡)",SA800240422409089315475,25.7,25.7,2,夫妻肺片单人餐(苏州),外卖套餐,25.7,1,25.7,0,0
"2024-09-08",2024-09-08 12:18:53.000,外賣,"80024042-苏州翰林店(营业中,紫燕百味鸡)",SA800240422409082857076,25.7,25.7,2,夫妻肺片单人餐(苏州),外卖套餐,25.7,1,25.7,0,0
"2024-09-08",2024-09-08 12:34:50.000,外賣,"80024042-苏州翰林店(营业中,紫燕百味鸡)",SA800240422409087819206,25.7,25.7,2,夫妻肺片单人餐(苏州),外卖套餐,25.7,1,25.7,0,0
"2024-09-08",2024-09-08 14:29:47.000,外賣,"80024042-苏州翰林店(营业中,紫燕百味鸡)",SA800240422409086402786,25.7,25.7,2,夫妻肺片单人餐(苏州),外卖套餐,25.7,1,25.7,0,0
"2024-09-08",2024-09-08 16:47:27.000,外賣,"80024042-苏州翰林店(营业中,紫燕百味鸡)",SA800240422409087766989,25.7,25.7,2,夫妻肺片单人餐(苏州),外卖套餐,25.7,1,25.7,0,0
"2024-09-08",2024-09-08 18:07:04.000,外賣,"80024042-苏州翰林店(营业中,紫燕百味鸡)",SA800240422409081659727,25.7,25.7,2,夫妻肺片单人餐(苏州),外卖套餐,25.7,1,25.7,0,0
"2024-09-08",2024-09-08 18:32:19.000,外賣,"80024042-苏州翰林店(营业中,紫燕百味鸡)",SA800240422409081185107,25.7,25.7,2,夫妻肺片单人餐(苏州),外卖套餐,25.7,1,25.7,0,0
"2024-09-08",2024-09-08 10:48:36.000,外賣,"80024042-苏州翰林店(营业中,紫燕百味鸡)",SA800240422409086647778,25.7,25.7,2,夫妻肺片单人餐(苏州),外卖套餐,25.7,1,25.7,0,0
"2024-09-08",2024-09-08 10:54:30.000,外賣,"80024042-苏州翰林店(营业中,紫燕百味鸡)",SA800240422409085749865,25.7,25.7,2,夫妻肺片单人餐(苏州),外卖套餐,25.7,1,25.7,0,0
"2024-09-08",2024-09-08 10:50:24.000,外賣,"80024042-苏州翰林店(营业中,紫燕百味鸡)",SA800240422409089032885,25.4,25.4,1,夫妻肺片(小份)(苏州),外卖套餐,25.4,1,25.4,0,0
"2024-09-08",2024-09-08 12:15:12.000,綫下,"80024042-苏州翰林店(营业中,紫燕百味鸡)",SA240420124090812145804,25.4,25.4,1,五香猪头肉,散装食品,87.6,0.29,25.4,0,0
"2024-09-08",2024-09-08 17:37:25.000,外賣,"80024042-苏州翰林店(营业中,紫燕百味鸡)",SA800240422409087449667,25.4,25.4,2,夫妻肺片(小份)(苏州),外卖套餐,25.4,1,25.4,0,0
"2024-09-08",2024-09-08 17:14:47.000,綫下,"80024042-苏州翰林店(营业中,紫燕百味鸡)",SA240420124090817144505,25.39,25.39,1,夫妻肺片,散装食品,211.6,0.12,25.39,0,0
"2024-09-08",2024-09-08 10:09:18.000,外賣,"80024042-苏州翰林店(营业中,紫燕百味鸡)",SA800240422409086345122,24.5,24.5,1,五香手撕鸡(小份)(苏州),外卖套餐,18,1,18,0,0
"2024-09-08",2024-09-08 15:25:42.000,綫下,"80024042-苏州翰林店(营业中,紫燕百味鸡)",SA240420124090815254029,24.5,24.5,1,八戒香耳,散装食品,147.6,0.166,24.5,0,0
"2024-09-08",2024-09-08 10:09:18.000,外賣,"80024042-苏州翰林店(营业中,紫燕百味鸡)",SA800240422409086345122,24.5,24.5,2,素菜拼盘150g(苏州),外卖套餐,6.5,1,6.5,0,0
"2024-09-08",2024-09-08 17:43:09.000,綫下,"80024042-苏州翰林店(营业中,紫燕百味鸡)",SA240420124090817430614,24.19,24.19,1,百味鸡,散装食品,75.6,0.32,24.19,0,0
"2024-09-08",2024-09-08 08:00:51.000,綫下,"80024042-苏州翰林店(营业中,紫燕百味鸡)",SA240420124090808004702,24.19,24.19,1,手撕鸡(五香味),散装食品,89.6,0.27,24.19,0,0
"2024-09-08",2024-09-08 17:40:00.000,外賣,"80024042-苏州翰林店(营业中,紫燕百味鸡)",SA800240422409082260608,24.1,24.1,1,孜然锁骨(小份)(苏州),外卖套餐,17.5,1,17.5,0,0
"2024-09-08",2024-09-08 17:40:00.000,外賣,"80024042-苏州翰林店(营业中,紫燕百味鸡)",SA800240422409082260608,24.1,24.1,2,锁骨(个)(苏州),外卖套餐,6.6,1,6.6,0,0
"2024-09-08",2024-09-08 09:43:10.000,外賣,"80024042-苏州翰林店(营业中,紫燕百味鸡)",SA800240422409088953243,23.7,23.7,1,冷吃酸汤肥牛单人餐(苏州),外卖套餐,23.7,1,23.7,0,0
"2024-09-08",2024-09-08 11:11:07.000,外賣,"80024042-苏州翰林店(营业中,紫燕百味鸡)",SA800240422409082146634,23.7,23.7,1,冷吃酸汤肥牛单人餐(苏州),外卖套餐,23.7,1,23.7,0,0
"2024-09-08",2024-09-08 15:16:49.000,外賣,"80024042-苏州翰林店(营业中,紫燕百味鸡)",SA800240422409082384521,23.7,23.7,1,冷吃酸汤肥牛单人餐(苏州),外卖套餐,23.7,1,23.7,0,0
"2024-09-08",2024-09-08 12:34:14.000,外賣,"80024042-苏州翰林店(营业中,紫燕百味鸡)",SA800240422409082690544,23.7,23.7,1,冷吃酸汤肥牛单人餐(苏州),外卖套餐,23.7,1,23.7,0,0
"2024-09-08",2024-09-08 12:00:20.000,外賣,"80024042-苏州翰林店(营业中,紫燕百味鸡)",SA800240422409086209049,23.7,23.7,1,冷吃酸汤肥牛单人餐(苏州),外卖套餐,23.7,1,23.7,0,0
"2024-09-08",2024-09-08 19:06:05.000,外賣,"80024042-苏州翰林店(营业中,紫燕百味鸡)",SA800240422409089437753,23.7,23.7,1,冷吃酸汤肥牛单人餐(苏州),外卖套餐,23.7,1,23.7,0,0
"2024-09-08",2024-09-08 11:51:29.000,外賣,"80024042-苏州翰林店(营业中,紫燕百味鸡)",SA800240422409086969394,23.7,23.7,1,冷吃酸汤肥牛单人餐(苏州),外卖套餐,23.7,1,23.7,0,0
"2024-09-08",2024-09-08 11:14:30.000,外賣,"80024042-苏州翰林店(营业中,紫燕百味鸡)",SA800240422409085290964,23.7,23.7,1,冷吃酸汤肥牛单人餐(苏州),外卖套餐,23.7,1,23.7,0,0
"2024-09-08",2024-09-08 10:57:15.000,外賣,"80024042-苏州翰林店(营业中,紫燕百味鸡)",SA800240422409081966052,23.7,23.7,1,冷吃酸汤肥牛单人餐(苏州),外卖套餐,23.7,1,23.7,0,0
"2024-09-08",2024-09-08 11:24:58.000,外賣,"80024042-苏州翰林店(营业中,紫燕百味鸡)",SA800240422409086090225,23.7,23.7,1,冷吃酸汤肥牛单人餐(苏州),外卖套餐,23.7,1,23.7,0,0
"2024-09-08",2024-09-08 11:27:23.000,外賣,"80024042-苏州翰林店(营业中,紫燕百味鸡)",SA800240422409089270101,23.7,23.7,1,冷吃酸汤肥牛单人餐(苏州),外卖套餐,23.7,1,23.7,0,0
"2024-09-08",2024-09-08 11:43:02.000,外賣,"80024042-苏州翰林店(营业中,紫燕百味鸡)",SA800240422409085014340,23.7,23.7,1,冷吃酸汤肥牛单人餐(苏州),外卖套餐,23.7,1,23.7,0,0
"2024-09-08",2024-09-08 12:26:41.000,外賣,"80024042-苏州翰林店(营业中,紫燕百味鸡)",SA800240422409081611621,23.7,23.7,1,冷吃酸汤肥牛单人餐(苏州),外卖套餐,23.7,1,23.7,0,0
"2024-09-08",2024-09-08 12:33:35.000,外賣,"80024042-苏州翰林店(营业中,紫燕百味鸡)",SA800240422409086092739,23.7,23.7,1,冷吃酸汤肥牛单人餐(苏州),外卖套餐,23.7,1,23.7,0,0
"2024-09-08",2024-09-08 13:04:46.000,外賣,"80024042-苏州翰林店(营业中,紫燕百味鸡)",SA800240422409088911458,23.7,23.7,1,冷吃酸汤肥牛单人餐(苏州),外卖套餐,23.7,1,23.7,0,0
"2024-09-08",2024-09-08 13:05:01.000,外賣,"80024042-苏州翰林店(营业中,紫燕百味鸡)",SA800240422409086090569,23.7,23.7,1,冷吃酸汤肥牛单人餐(苏州),外卖套餐,23.7,1,23.7,0,0
"2024-09-08",2024-09-08 13:24:26.000,外賣,"80024042-苏州翰林店(营业中,紫燕百味鸡)",SA800240422409088471919,23.7,23.7,1,冷吃酸汤肥牛单人餐(苏州),外卖套餐,23.7,1,23.7,0,0
"2024-09-08",2024-09-08 16:15:15.000,外賣,"80024042-苏州翰林店(营业中,紫燕百味鸡)",SA800240422409088126827,23.7,23.7,1,冷吃酸汤肥牛单人餐(苏州),外卖套餐,23.7,1,23.7,0,0
"2024-09-08",2024-09-08 16:19:37.000,外賣,"80024042-苏州翰林店(营业中,紫燕百味鸡)",SA800240422409086529925,23.7,23.7,1,冷吃酸汤肥牛单人餐(苏州),外卖套餐,23.7,1,23.7,0,0
"2024-09-08",2024-09-08 17:05:21.000,外賣,"80024042-苏州翰林店(营业中,紫燕百味鸡)",SA800240422409085164880,23.7,23.7,1,冷吃酸汤肥牛单人餐(苏州),外卖套餐,23.7,1,23.7,0,0
"2024-09-08",2024-09-08 18:22:20.000,外賣,"80024042-苏州翰林店(营业中,紫燕百味鸡)",SA800240422409082388556,23.7,23.7,1,冷吃酸汤肥牛单人餐(苏州),外卖套餐,23.7,1,23.7,0,0
"2024-09-08",2024-09-08 20:12:42.000,外賣,"80024042-苏州翰林店(营业中,紫燕百味鸡)",SA800240422409085125209,23.7,23.7,1,冷吃酸汤肥牛单人餐(苏州),外卖套餐,23.7,1,23.7,0,0
"2024-09-08",2024-09-08 18:05:31.000,外賣,"80024042-苏州翰林店(营业中,紫燕百味鸡)",SA800240422409082701150,23.7,23.7,1,冷吃酸汤肥牛单人餐(苏州),外卖套餐,23.7,1,23.7,0,0
"2024-09-08",2024-09-08 18:30:55.000,外賣,"80024042-苏州翰林店(营业中,紫燕百味鸡)",SA800240422409086359399,23.7,23.7,2,冷吃酸汤肥牛单人餐(苏州),外卖套餐,23.7,1,23.7,0,0
"2024-09-08",2024-09-08 18:17:54.000,外賣,"80024042-苏州翰林店(营业中,紫燕百味鸡)",SA800240422409088139883,23.7,23.7,2,冷吃酸汤肥牛单人餐(苏州),外卖套餐,23.7,1,23.7,0,0
"2024-09-08",2024-09-08 14:37:20.000,外賣,"80024042-苏州翰林店(营业中,紫燕百味鸡)",SA800240422409088664051,23.7,23.7,2,冷吃酸汤肥牛单人餐(苏州),外卖套餐,23.7,1,23.7,0,0
"2024-09-08",2024-09-08 09:18:12.000,外賣,"80024042-苏州翰林店(营业中,紫燕百味鸡)",SA800240422409082690692,23.7,23.7,2,冷吃酸汤肥牛单人餐(苏州),外卖套餐,23.7,1,23.7,0,0
"2024-09-08",2024-09-08 19:05:24.000,外賣,"80024042-苏州翰林店(营业中,紫燕百味鸡)",SA800240422409083153399,23.7,23.7,2,冷吃酸汤肥牛单人餐(苏州),外卖套餐,23.7,1,23.7,0,0
"2024-09-08",2024-09-08 10:07:09.000,外賣,"80024042-苏州翰林店(营业中,紫燕百味鸡)",SA800240422409089808126,23.7,23.7,2,冷吃酸汤肥牛单人餐(苏州),外卖套餐,23.7,1,23.7,0,0
"2024-09-08",2024-09-08 17:44:15.000,外賣,"80024042-苏州翰林店(营业中,紫燕百味鸡)",SA800240422409083692439,23.3,23.3,1,酱香牛腱肉(小份)(苏州),外卖套餐,23.3,1,23.3,0,0
"2024-09-08",2024-09-08 11:40:15.000,外賣,"80024042-苏州翰林店(营业中,紫燕百味鸡)",SA800240422409087075581,23.3,23.3,1,五香牛肉(小份)(苏州),外卖套餐,23.3,1,23.3,0,0
"2024-09-08",2024-09-08 16:13:00.000,外賣,"80024042-苏州翰林店(营业中,紫燕百味鸡)",SA800240422409088769367,22.7,22.7,1,百味鸡(小份)(苏州),外卖套餐,22.7,1,22.7,0,0
"2024-09-08",2024-09-08 10:55:27.000,外賣,"80024042-苏州翰林店(营业中,紫燕百味鸡)",SA800240422409089763539,22.7,22.7,1,百味鸡(小份)(苏州),外卖套餐,22.7,1,22.7,0,0
"2024-09-08",2024-09-08 11:22:17.000,外賣,"80024042-苏州翰林店(营业中,紫燕百味鸡)",SA800240422409085587506,22.7,22.7,1,百味鸡(小份)(苏州),外卖套餐,22.7,1,22.7,0,0
"2024-09-08",2024-09-08 13:07:27.000,外賣,"80024042-苏州翰林店(营业中,紫燕百味鸡)",SA800240422409082221250,22.7,22.7,1,百味鸡(小份)(苏州),外卖套餐,22.7,1,22.7,0,0
"2024-09-08",2024-09-08 10:37:54.000,外賣,"80024042-苏州翰林店(营业中,紫燕百味鸡)",SA800240422409087117110,22.7,22.7,1,百味鸡(小份)(苏州),外卖套餐,22.7,1,22.7,0,0
"2024-09-08",2024-09-08 11:08:56.000,綫下,"80024042-苏州翰林店(营业中,紫燕百味鸡)",SA240420124090811085405,22.68,22.68,1,百味鸡,散装食品,75.6,0.3,22.68,0,0
"2024-09-08",2024-09-08 10:05:53.000,綫下,"80024042-苏州翰林店(营业中,紫燕百味鸡)",SA240420124090810054505,22.57,22.57,1,手撕鸡(五香味),散装食品,89.6,0.252,22.57,0,0
"2024-09-08",2024-09-08 17:54:03.000,綫下,"80024042-苏州翰林店(营业中,紫燕百味鸡)",SA240420124090817535918,22.2,22.2,1,夫妻肺片,散装食品,211.6,0.072,15.23,0,0
"2024-09-08",2024-09-08 17:54:03.000,綫下,"80024042-苏州翰林店(营业中,紫燕百味鸡)",SA240420124090817535918,22.2,22.2,2,素菜,散装食品,43.6,0.16,6.97,0,0
"2024-09-08",2024-09-08 10:30:03.000,綫下,"80024042-苏州翰林店(营业中,紫燕百味鸡)",SA240420124090810300015,21.25,21.25,1,八戒香耳,散装食品,147.6,0.144,21.25,0,0
"2024-09-08",2024-09-08 16:56:11.000,綫下,"80024042-苏州翰林店(营业中,紫燕百味鸡)",SA240420124090816560228,21.13,21.13,1,素菜,散装食品,43.6,0.142,6.19,0,0
"2024-09-08",2024-09-08 16:56:11.000,綫下,"80024042-苏州翰林店(营业中,紫燕百味鸡)",SA240420124090816560228,21.13,21.13,2,五香凤爪,散装食品,99.6,0.15,14.94,0,0
"2024-09-08",2024-09-08 16:21:53.000,綫下,"80024042-苏州翰林店(营业中,紫燕百味鸡)",SA240420124090816215015,20.73,20.73,1,夫妻肺片,散装食品,211.6,0.098,20.73,0,0
"2024-09-08",2024-09-08 18:49:13.000,綫下,"80024042-苏州翰林店(营业中,紫燕百味鸡)",SA240420124090818491128,20.5,20.5,1,五香牛腱肉,散装食品,233,0.088,20.5,0,0
"2024-09-08",2024-09-08 11:30:29.000,綫下,"80024042-苏州翰林店(营业中,紫燕百味鸡)",SA240420124090811300815,20.4,20.4,1,素菜,散装食品,43.6,0.468,20.4,0,0
"2024-09-08",2024-09-08 09:27:10.000,綫下,"80024042-苏州翰林店(营业中,紫燕百味鸡)",SA240420124090809270720,20.36,20.36,1,八戒香耳,散装食品,147.6,0.138,20.36,0,0
"2024-09-08",2024-09-08 09:53:36.000,綫下,"80024042-苏州翰林店(营业中,紫燕百味鸡)",SA240420124090809533430,20.14,20.14,1,素菜,散装食品,43.6,0.462,20.14,0,0
"2024-09-08",2024-09-08 10:35:10.000,綫下,"80024042-苏州翰林店(营业中,紫燕百味鸡)",SA240420124090810350818,19.89,19.89,1,夫妻肺片,散装食品,211.6,0.094,19.89,0,0
"2024-09-08",2024-09-08 08:47:40.000,綫下,"80024042-苏州翰林店(营业中,紫燕百味鸡)",SA240420124090808473810,19.46,19.46,1,夫妻肺片,散装食品,211.6,0.092,19.46,0,0
"2024-09-08",2024-09-08 11:45:14.000,綫下,"80024042-苏州翰林店(营业中,紫燕百味鸡)",SA240420124090811450520,19.35,19.35,1,手撕鸡(五香味),散装食品,89.6,0.216,19.35,0,0
"2024-09-08",2024-09-08 09:45:02.000,綫下,"80024042-苏州翰林店(营业中,紫燕百味鸡)",SA240420124090809445927,19.04,19.04,1,夫妻肺片,散装食品,211.6,0.09,19.04,0,0
"2024-09-08",2024-09-08 11:47:29.000,綫下,"80024042-苏州翰林店(营业中,紫燕百味鸡)",SA240420124090811472721,18.97,18.97,1,藤椒鸭头（个）,散装食品,7,2,14,0,0
"2024-09-08",2024-09-08 11:47:29.000,綫下,"80024042-苏州翰林店(营业中,紫燕百味鸡)",SA240420124090811472721,18.97,18.97,2,素菜,散装食品,43.6,0.114,4.97,0,0
"2024-09-08",2024-09-08 11:04:11.000,外賣,"80024042-苏州翰林店(营业中,紫燕百味鸡)",SA800240422409087596161,18.8,18.8,1,酸汤肥牛(小份)(苏州),外卖套餐,18.8,1,18.8,0,0
"2024-09-08",2024-09-08 18:52:01.000,綫下,"80024042-苏州翰林店(营业中,紫燕百味鸡)",SA240420124090818515729,18.57,18.57,1,素菜,散装食品,43.6,0.426,18.57,0,0
"2024-09-08",2024-09-08 11:54:50.000,綫下,"80024042-苏州翰林店(营业中,紫燕百味鸡)",SA240420124090811544825,18.13,18.13,1,素菜,散装食品,43.6,0.416,18.13,0,0
"2024-09-08",2024-09-08 10:03:12.000,外賣,"80024042-苏州翰林店(营业中,紫燕百味鸡)",SA800240422409087626728,18,18,1,五香手撕鸡(小份)(苏州),外卖套餐,18,1,18,0,0
"2024-09-08",2024-09-08 10:53:22.000,綫下,"80024042-苏州翰林店(营业中,紫燕百味鸡)",SA240420124090810531724,17.71,17.71,1,八戒香耳,散装食品,147.6,0.12,17.71,0,0
"2024-09-08",2024-09-08 10:36:58.000,外賣,"80024042-苏州翰林店(营业中,紫燕百味鸡)",SA800240422409083010282,17.5,17.5,1,五香鸭翅(小份)(苏州),外卖套餐,17.5,1,17.5,0,0
"2024-09-08",2024-09-08 09:14:16.000,綫下,"80024042-苏州翰林店(营业中,紫燕百味鸡)",SA240420124090809141116,16.65,16.65,1,素菜,散装食品,43.6,0.382,16.65,0,0
"2024-09-08",2024-09-08 14:32:16.000,綫下,"80024042-苏州翰林店(营业中,紫燕百味鸡)",SA240420124090814320521,16.56,16.56,1,素菜,散装食品,43.6,0.38,16.56,0,0
"2024-09-08",2024-09-08 17:36:25.000,綫下,"80024042-苏州翰林店(营业中,紫燕百味鸡)",SA240420124090817362211,16.13,16.13,1,素菜,散装食品,43.6,0.37,16.13,0,0
"2024-09-08",2024-09-08 15:40:51.000,綫下,"80024042-苏州翰林店(营业中,紫燕百味鸡)",SA240420124090815404404,15.78,15.78,1,素菜,散装食品,43.6,0.362,15.78,0,0
"2024-09-08",2024-09-08 10:13:01.000,綫下,"80024042-苏州翰林店(营业中,紫燕百味鸡)",SA240420124090810125909,15.6,15.6,1,素菜,散装食品,43.6,0.358,15.6,0,0
"2024-09-08",2024-09-08 12:28:02.000,綫下,"80024042-苏州翰林店(营业中,紫燕百味鸡)",SA240420124090812275908,15.26,15.26,1,素菜,散装食品,43.6,0.35,15.26,0,0
"2024-09-08",2024-09-08 16:46:37.000,綫下,"80024042-苏州翰林店(营业中,紫燕百味鸡)",SA240420124090816463425,15.26,15.26,1,素菜,散装食品,43.6,0.35,15.26,0,0
"2024-09-08",2024-09-08 18:59:22.000,外賣,"80024042-苏州翰林店(营业中,紫燕百味鸡)",SA800240422409084107516,15.2,15.2,1,素菜拼盘150g(苏州),外卖套餐,6.5,1,6.5,0,0
"2024-09-08",2024-09-08 10:33:37.000,外賣,"80024042-苏州翰林店(营业中,紫燕百味鸡)",SA800240422409085823683,15.2,15.2,1,素菜拼盘150g(苏州),外卖套餐,6.5,1,6.5,0,0
"2024-09-08",2024-09-08 18:59:22.000,外賣,"80024042-苏州翰林店(营业中,紫燕百味鸡)",SA800240422409084107516,15.2,15.2,2,酸辣海带丝(小份)(苏州),外卖套餐,8.7,1,8.7,0,0
"2024-09-08",2024-09-08 10:33:37.000,外賣,"80024042-苏州翰林店(营业中,紫燕百味鸡)",SA800240422409085823683,15.2,15.2,2,红油笋丝(小份)(苏州),外卖套餐,8.7,1,8.7,0,0
"2024-09-08",2024-09-08 15:51:53.000,綫下,"80024042-苏州翰林店(营业中,紫燕百味鸡)",SA240420124090815515106,15.17,15.17,1,素菜,散装食品,43.6,0.348,15.17,0,0
"2024-09-08",2024-09-08 16:02:03.000,綫下,"80024042-苏州翰林店(营业中,紫燕百味鸡)",SA240420124090816015709,14.82,14.82,1,素菜,散装食品,43.6,0.34,14.82,0,0
"2024-09-08",2024-09-08 12:26:14.000,綫下,"80024042-苏州翰林店(营业中,紫燕百味鸡)",SA240420124090812260507,14.64,14.64,1,素菜,散装食品,43.6,0.336,14.64,0,0
"2024-09-08",2024-09-08 18:34:32.000,綫下,"80024042-苏州翰林店(营业中,紫燕百味鸡)",SA240420124090818343025,14.38,14.38,1,素菜,散装食品,43.6,0.33,14.38,0,0
"2024-09-08",2024-09-08 14:09:15.000,綫下,"80024042-苏州翰林店(营业中,紫燕百味鸡)",SA240420124090814090619,14.3,14.3,1,素菜,散装食品,43.6,0.328,14.3,0,0
"2024-09-08",2024-09-08 17:48:38.000,綫下,"80024042-苏州翰林店(营业中,紫燕百味鸡)",SA240420124090817483616,14,14,1,藤椒鸭头（个）,散装食品,7,2,14,0,0
"2024-09-08",2024-09-08 10:08:03.000,綫下,"80024042-苏州翰林店(营业中,紫燕百味鸡)",SA240420124090810075707,13.6,13.6,1,素菜,散装食品,43.6,0.312,13.6,0,0
"2024-09-08",2024-09-08 11:08:26.000,綫下,"80024042-苏州翰林店(营业中,紫燕百味鸡)",SA240420124090811082404,13.34,13.34,1,素菜,散装食品,43.6,0.306,13.34,0,0
"2024-09-08",2024-09-08 10:32:46.000,綫下,"80024042-苏州翰林店(营业中,紫燕百味鸡)",SA240420124090810323717,13.25,13.25,1,素菜,散装食品,43.6,0.304,13.25,0,0
"2024-09-08",2024-09-08 13:17:23.000,綫下,"80024042-苏州翰林店(营业中,紫燕百味鸡)",SA240420124090813171816,12.9,12.9,1,素菜,散装食品,43.6,0.296,12.9,0,0
"2024-09-08",2024-09-08 10:24:37.000,綫下,"80024042-苏州翰林店(营业中,紫燕百味鸡)",SA240420124090810243413,12.73,12.73,1,素菜,散装食品,43.6,0.292,12.73,0,0
"2024-09-08",2024-09-08 16:09:10.000,綫下,"80024042-苏州翰林店(营业中,紫燕百味鸡)",SA240420124090816090211,12.69,12.69,1,夫妻肺片,散装食品,211.6,0.06,12.69,0,0
"2024-09-08",2024-09-08 15:45:41.000,綫下,"80024042-苏州翰林店(营业中,紫燕百味鸡)",SA240420124090815453505,12.55,12.55,1,素菜,散装食品,43.6,0.288,12.55,0,0
"2024-09-08",2024-09-08 18:57:21.000,綫下,"80024042-苏州翰林店(营业中,紫燕百味鸡)",SA240420124090818571730,12.55,12.55,1,素菜,散装食品,43.6,0.288,12.55,0,0
"2024-09-08",2024-09-08 11:11:47.000,綫下,"80024042-苏州翰林店(营业中,紫燕百味鸡)",SA240420124090811114506,11.51,11.51,1,素菜,散装食品,43.6,0.264,11.51,0,0
"2024-09-08",2024-09-08 19:26:20.000,綫下,"80024042-苏州翰林店(营业中,紫燕百味鸡)",SA240420124090819261804,11.03,11.03,1,孜然锁骨,散装食品,87.6,0.126,11.03,0,0
"2024-09-08",2024-09-08 09:19:08.000,綫下,"80024042-苏州翰林店(营业中,紫燕百味鸡)",SA240420124090809190418,10.72,10.72,1,素菜,散装食品,43.6,0.246,10.72,0,0
"2024-09-08",2024-09-08 16:24:52.000,綫下,"80024042-苏州翰林店(营业中,紫燕百味鸡)",SA240420124090816245119,10.63,10.63,1,素菜,散装食品,43.6,0.244,10.63,0,0
"2024-09-08",2024-09-08 11:18:15.000,綫下,"80024042-苏州翰林店(营业中,紫燕百味鸡)",SA240420124090811181110,10.55,10.55,1,素菜,散装食品,43.6,0.242,10.55,0,0
"2024-09-08",2024-09-08 08:36:22.000,綫下,"80024042-苏州翰林店(营业中,紫燕百味鸡)",SA240420124090808361808,10.28,10.28,1,素菜,散装食品,43.6,0.236,10.28,0,0
"2024-09-08",2024-09-08 10:53:35.000,綫下,"80024042-苏州翰林店(营业中,紫燕百味鸡)",SA240420124090810533325,10.28,10.28,1,素菜,散装食品,43.6,0.236,10.28,0,0
"2024-09-08",2024-09-08 16:44:13.000,綫下,"80024042-苏州翰林店(营业中,紫燕百味鸡)",SA240420124090816440924,10.2,10.2,1,素菜,散装食品,43.6,0.234,10.2,0,0
"2024-09-08",2024-09-08 12:08:14.000,綫下,"80024042-苏州翰林店(营业中,紫燕百味鸡)",SA240420124090812081202,10.2,10.2,1,素菜,散装食品,43.6,0.234,10.2,0,0
"2024-09-08",2024-09-08 17:45:01.000,綫下,"80024042-苏州翰林店(营业中,紫燕百味鸡)",SA240420124090817445415,10.2,10.2,1,素菜,散装食品,43.6,0.234,10.2,0,0
"2024-09-08",2024-09-08 17:37:40.000,綫下,"80024042-苏州翰林店(营业中,紫燕百味鸡)",SA240420124090817373712,10.2,10.2,1,素菜,散装食品,43.6,0.234,10.2,0,0
"2024-09-08",2024-09-08 17:40:03.000,綫下,"80024042-苏州翰林店(营业中,紫燕百味鸡)",SA240420124090817395013,10.2,10.2,1,素菜,散装食品,43.6,0.234,10.2,0,0
"2024-09-08",2024-09-08 19:46:37.000,綫下,"80024042-苏州翰林店(营业中,紫燕百味鸡)",SA240420124090819463305,10.2,10.2,1,素菜,散装食品,43.6,0.234,10.2,0,0
"2024-09-08",2024-09-08 11:27:47.000,綫下,"80024042-苏州翰林店(营业中,紫燕百味鸡)",SA240420124090811260113,10.2,10.2,1,素菜,散装食品,43.6,0.234,10.2,0,0
"2024-09-08",2024-09-08 11:25:10.000,綫下,"80024042-苏州翰林店(营业中,紫燕百味鸡)",SA240420124090811245612,10.11,10.11,1,素菜,散装食品,43.6,0.232,10.11,0,0
"2024-09-08",2024-09-08 18:08:13.000,綫下,"80024042-苏州翰林店(营业中,紫燕百味鸡)",SA240420124090818080721,10.11,10.11,1,素菜,散装食品,43.6,0.232,10.11,0,0
"2024-09-08",2024-09-08 09:42:15.000,綫下,"80024042-苏州翰林店(营业中,紫燕百味鸡)",SA240420124090809421226,10.02,10.02,1,素菜,散装食品,43.6,0.23,10.02,0,0
"2024-09-08",2024-09-08 10:02:22.000,綫下,"80024042-苏州翰林店(营业中,紫燕百味鸡)",SA240420124090810021704,10.02,10.02,1,素菜,散装食品,43.6,0.23,10.02,0,0
"2024-09-08",2024-09-08 11:49:30.000,綫下,"80024042-苏州翰林店(营业中,紫燕百味鸡)",SA240420124090811492722,9.76,9.76,1,素菜,散装食品,43.6,0.224,9.76,0,0
"2024-09-08",2024-09-08 12:14:45.000,綫下,"80024042-苏州翰林店(营业中,紫燕百味鸡)",SA240420124090812141103,8.37,8.37,1,素菜,散装食品,43.6,0.192,8.37,0,0
"2024-09-08",2024-09-08 10:23:18.000,綫下,"80024042-苏州翰林店(营业中,紫燕百味鸡)",SA240420124090810230812,8.19,8.19,1,素菜,散装食品,43.6,0.188,8.19,0,0
"2024-09-08",2024-09-08 09:18:15.000,綫下,"80024042-苏州翰林店(营业中,紫燕百味鸡)",SA240420124090809181217,8.1,8.1,1,素菜,散装食品,43.6,0.186,8.1,0,0
"2024-09-08",2024-09-08 10:25:26.000,綫下,"80024042-苏州翰林店(营业中,紫燕百味鸡)",SA240420124090810252414,7.93,7.93,1,素菜,散装食品,43.6,0.182,7.93,0,0
"2024-09-08",2024-09-08 19:24:31.000,綫下,"80024042-苏州翰林店(营业中,紫燕百味鸡)",SA240420124090819242903,7.84,7.84,1,素菜,散装食品,43.6,0.18,7.84,0,0
"2024-09-08",2024-09-08 20:09:44.000,綫下,"80024042-苏州翰林店(营业中,紫燕百味鸡)",SA240420124090820094209,7.84,7.84,1,素菜,散装食品,43.6,0.18,7.84,0,0
"2024-09-08",2024-09-08 21:26:47.000,綫下,"80024042-苏州翰林店(营业中,紫燕百味鸡)",SA240420124090821264414,7,7,1,白米饭（300g）,包装食品,3.5,2,7,0,0
"2024-09-08",2024-09-08 18:45:13.000,綫下,"80024042-苏州翰林店(营业中,紫燕百味鸡)",SA240420124090818451127,5.66,5.66,1,素菜,散装食品,43.6,0.13,5.66,0,0
